"id_equipo","codigo_origen","nombre","marca","modelo","serie","categoria","estado","ubicacion","detalles"
"1","1","Agitador de bolsas de sangre","DELCON","HEMOMIX 3","1316423","LABORATORIO","Operativo","",""
"2","2","Agitador de bolsas de sangre","DELCON","HEMOMIX 3","1315923","LABORATORIO","Operativo","",""
"3","3","Agitador de bolsas de sangre","DELCON","HEMOMIX 3","1316523","LABORATORIO","Operativo","",""
"4","4","Agitador de bolsas de sangre","DELCON","HEMOMIX 3","1315323","LABORATORIO","Operativo","",""
"5","5","Agitador de plaquetas","PITEC","PT-48","1875916","LABORATORIO","Operativo","",""
"6","6","Agitador de plaquetas","PITEC","PT-48","6927","LABORATORIO","Operativo","",""
"7","7","Agitador hematológico","","","S/N","LABORATORIO","Operativo","",""
"8","8","Agitador horizontal de tubos","DLAB","SK-O180-S","SN22BAT0001197","LABORATORIO","Operativo","",""
"9","9","Agitador magnético","","","S/N","LABORATORIO","Operativo","",""
"10","10","Agitador magnético tipo vortex","","","S/N","LABORATORIO","Operativo","",""
"11","11","AGITADOR MAGNÉTICO TIPO VORTEX","DLAB","MX-S","VB22BA50007186","LABORATORIO","Operativo","",""
"12","12","AGITADOR MAGNÉTICO TIPO VORTEX","DLAB","MX-S","VB22BA50007757","LABORATORIO","Operativo","",""
"13","13","AGITADOR MAGNÉTICO TIPO VORTEX","DLAB","MX-S","VB22BA50007496","LABORATORIO","Operativo","",""
"14","14","Almacenador de láminas","","","S/N","LABORATORIO","Operativo","",""
"15","15","Almacenador de tacos","","","S/N","LABORATORIO","Operativo","",""
"16","16","Amnioscopio","","","S/N","LABORATORIO","Operativo","",""
"17","17","Amnioscopio","","","S/N","LABORATORIO","Operativo","",""
"18","18","Amnioscopio","","","S/N","LABORATORIO","Operativo","",""
"19","19","Amnioscopio","","","S/N","LABORATORIO","Operativo","",""
"20","20","Angiógrafo retinal","HEIDELBERG ENGINEERING","SPECTRALIS HRA","SPEC-CAM-16414-S1610","LABORATORIO","Operativo","",""
"21","21","Arco Balcánico","","","S/N","GENERAL","Operativo","",""
"22","22","Armario de endoscopios","INOXSERVI","GABEND","S/N","GENERAL","Operativo","",""
"23","23","Armario de endoscopios","INOXSERVI","GABEND","S/N","GENERAL","Operativo","",""
"24","24","Armario de seguridad para productos inflamables (1 cuerpo)","LABOR SECURITY","AC 600","97/ sist. Ventilacion 18106","GENERAL","Operativo","",""
"25","25","Armario de seguridad para productos inflamables (1 cuerpo)","LABOR SECURITY","AC 600","98 / sist. Ventilacion 18090","GENERAL","Operativo","",""
"26","26","Arnés suspensión axial","","","S/N","GENERAL","Operativo","",""
"27","27","Articulador Ajustable con arco Facial","BIOART","A7 PLUS CON ARCO ELITE","305480","GENERAL","Operativo","",""
"28","28","Asistente mecánico de tos","","","S/N","GENERAL","Operativo","",""
"29","29","Aspirador de Oídos","CA-MI","ASKIR 36 BR","21829","GENERAL","Operativo","",""
"30","30","Audiómetro","","","S/N","GENERAL","Operativo","",""
"31","31","Audiómetro","","","S/N","GENERAL","Operativo","",""
"32","32","Autoclave (2 STU)","Prohs","FJ-175L","1675","ESTERILIZACION","Operativo","",""
"33","33","Autoclave (8 STU)","Prohs","FJ-640L","1326 Y 1358","ESTERILIZACION","Operativo","",""
"34","34","Autoclave Terminal (1 STU)","Matachana","S 101 E-1","E-34040","ESTERILIZACION","Operativo","",""
"35","35","Autoclave Vertical (200 lts app)","","","S/N","ESTERILIZACION","Operativo","",""
"36","36","Autoclave Vertical (200 lts app)","Tuttnauer","5075-ELVP-D-LINE","20110889","ESTERILIZACION","Operativo","",""
"37","37","Autorefractómetro con queratómetro","TOPCON","KR-800","4782765","GENERAL","Operativo","",""
"38","38","Balanza adulto con tallímetro","ADE","M320600-01","52854-1032726-00439","MEDICIONES","Operativo","",""
"39","39","Balanza adulto con tallímetro","ADE","M320600-01","52854-1032726-00372","MEDICIONES","Operativo","",""
"40","40","Balanza adulto con tallímetro","ADE","M320600-01","52854-1032726-00444","MEDICIONES","Operativo","",""
"41","41","Balanza adulto con tallímetro","ADE","M320600-01","52854-1032726-00360","MEDICIONES","Operativo","",""
"42","42","Balanza adulto con tallímetro","ADE","M320600-01","52854-1032726-00450","MEDICIONES","Operativo","",""
"43","43","Balanza adulto con tallímetro","ADE","M320600-01","52854-1032726-00363","MEDICIONES","Operativo","",""
"44","44","Balanza adulto con tallímetro","ADE","M320600-01","52854-1032726-00443","MEDICIONES","Operativo","",""
"45","45","Balanza adulto con tallímetro","ADE","M320600-01","52854-1032726-00438","MEDICIONES","Operativo","",""
"46","46","Balanza adulto con tallímetro","ADE","M320600-01","52854-1032726-00432","MEDICIONES","Operativo","",""
"47","47","Balanza adulto con tallímetro","ADE","M320600-01","52854-1032726-00375","MEDICIONES","Operativo","",""
"48","48","Balanza adulto con tallímetro","ADE","M320600-01","52854-1032726-00424","MEDICIONES","Operativo","",""
"49","49","Balanza adulto con tallímetro","ADE","M320600-01","52854-1032726-00362","MEDICIONES","Operativo","",""
"50","50","Balanza adulto con tallímetro","ADE","M320600-01","52854-1032726-00358","MEDICIONES","Operativo","",""
"51","51","Balanza adulto con tallímetro","ADE","M320600-01","52854-1032726-00445","MEDICIONES","Operativo","",""
"52","52","Balanza adulto con tallímetro","ADE","M320600-01","52854-1032726-00460","MEDICIONES","Operativo","",""
"53","53","Balanza adulto con tallímetro","ADE","M320600-01","52854-1032726-00457","MEDICIONES","Operativo","",""
"54","54","Balanza adulto con tallímetro","ADE","M320600-01","52854-1032726-00380","MEDICIONES","Operativo","",""
"55","55","Balanza adulto con tallímetro","ADE","M320600-01","52854-1032726-00440","MEDICIONES","Operativo","",""
"56","56","Balanza adulto con tallímetro","ADE","M320600-01","52854-1032726-00451","MEDICIONES","Operativo","",""
"57","57","Balanza adulto con tallímetro","ADE","M320600-01","52854-1032726-00458","MEDICIONES","Operativo","",""
"58","58","Balanza adulto con tallímetro","ADE","M320600-01","52854-1032726-00376","MEDICIONES","Operativo","",""
"59","59","Balanza adulto con tallímetro","ADE","M320600-01","52854-1032726-00442","MEDICIONES","Operativo","",""
"60","60","Balanza adulto con tallímetro","ADE","M320600-01","52854-1032726-00361","MEDICIONES","Operativo","",""
"61","61","Balanza adulto con tallímetro","ADE","M320600-01","52854-1032726-00379","MEDICIONES","Operativo","",""
"62","62","Balanza adulto con tallímetro","ADE","M320600-01","52854-1032726-00359","MEDICIONES","Operativo","",""
"63","63","Balanza adulto con tallímetro","ADE","M320600-01","52854-1032726-00459","MEDICIONES","Operativo","",""
"64","64","Balanza adulto con tallímetro","ADE","M320600-01","52854-1032726-00365","MEDICIONES","Operativo","",""
"65","65","Balanza adulto con tallímetro","ADE","M320600-01","52854-1032726-00437","MEDICIONES","Operativo","",""
"66","66","Balanza adulto con tallímetro","ADE","M320600-01","52854-1032726-00433","MEDICIONES","Operativo","",""
"67","67","Balanza adulto con tallímetro","ADE","M320600-01","52854-1032726-00463","MEDICIONES","Operativo","",""
"68","68","Balanza adulto con tallímetro","ADE","M320600-01","52854-1032726-00456","MEDICIONES","Operativo","",""
"69","69","Balanza adulto con tallímetro","ADE","M320600-01","52854-1032726-00422","MEDICIONES","Operativo","",""
"70","70","Balanza adulto con tallímetro","ADE","M320600-01","52854-1032726-00423","MEDICIONES","Operativo","",""
"71","71","Balanza adulto con tallímetro","ADE","M320600-01","52854-1032726-00454","MEDICIONES","Operativo","",""
"72","72","Balanza adulto con tallímetro","ADE","M320600-01","52854-1032726-00381","MEDICIONES","Operativo","",""
"73","73","Balanza adulto con tallímetro","ADE","M320600-01","52854-1032726-00453","MEDICIONES","Operativo","",""
"74","74","Balanza adulto con tallímetro","ADE","M320600-01","52854-1032726-00447","MEDICIONES","Operativo","",""
"75","75","Balanza adulto con tallímetro","ADE","M320600-01","52854-1032726-00464","MEDICIONES","Operativo","",""
"76","76","Balanza adulto con tallímetro","ADE","M320600-01","52854-1032726-00441","MEDICIONES","Operativo","",""
"77","77","Balanza adulto con tallímetro","ADE","M320600-01","52854-1032726-00436","MEDICIONES","Operativo","",""
"78","78","Balanza adulto con tallímetro","ADE","M320600-01","52854-1032726-00435","MEDICIONES","Operativo","",""
"79","79","Balanza adulto con tallímetro","ADE","M320600-01","52854-1032726-00364","MEDICIONES","Operativo","",""
"80","80","Balanza adulto con tallímetro","ADE","M320600-01","52854-1032726-00455","MEDICIONES","Operativo","",""
"81","81","Balanza adulto con tallímetro","ADE","M320600-01","52854-1032726-00449","MEDICIONES","Operativo","",""
"82","82","Balanza adulto con tallímetro","ADE","M320600-01","52854-1032726-00420","MEDICIONES","Operativo","",""
"83","83","Balanza adulto con tallímetro","ADE","M320600-01","52854-1032726-00446","MEDICIONES","Operativo","",""
"84","84","Balanza adulto con tallímetro","ADE","M320600-01","52854-1032726-00378","MEDICIONES","Operativo","",""
"85","85","Balanza adulto con tallímetro","ADE","M320600-01","52854-1032726-00452","MEDICIONES","Operativo","",""
"86","86","Balanza adulto con tallímetro","ADE","M320600-01","52854-1032726-00373","MEDICIONES","Operativo","",""
"87","87","Balanza adulto con tallímetro","ADE","M320600-01","52854-1032726-00431","MEDICIONES","Operativo","",""
"88","88","Balanza adulto con tallímetro","ADE","M320600-01","52854-1032726-00374","MEDICIONES","Operativo","",""
"89","89","Balanza adulto con tallímetro","ADE","M320600-01","52854-1032726-00448","MEDICIONES","Operativo","",""
"90","90","Balanza adulto con tallímetro","ADE","M320600-01","52854-1032726-00377","MEDICIONES","Operativo","",""
"91","91","Balanza adulto con tallímetro","ADE","M320600-01","52854-1032726-00434","MEDICIONES","Operativo","",""
"92","92","Balanza adulto con tallímetro","ADE","M320600-01","52854-1032726-00462","MEDICIONES","Operativo","",""
"93","93","Balanza Analítica","RADWAG","AS220,R2","737698","MEDICIONES","Operativo","",""
"94","94","Balanza Analítica","RADWAG","AS220,R2","740721","MEDICIONES","Operativo","",""
"95","95","Balanza Analítica","RADWAG","AS220.R2","737710","MEDICIONES","Operativo","",""
"96","96","Balanza Analítica","RADWAG","AS220.R2","737711","MEDICIONES","Operativo","",""
"97","97","Balanza de Pañales","SECA","SECA 856","8856293200195","MEDICIONES","Operativo","",""
"98","98","Balanza de Pañales","SECA","SECA 856","8856293200176","MEDICIONES","Operativo","",""
"99","99","Balanza de Pañales","SECA","SECA 856","885629000000000000","MEDICIONES","Operativo","",""
"100","100","Balanza de Pañales","SECA","SECA 856","885635000000000000","MEDICIONES","Operativo","",""
"101","101","Balanza de Pañales","SECA","SECA 856","8856293200239","MEDICIONES","Operativo","",""
"102","102","Balanza de Pañales","SECA","SECA 856","8856346200058","MEDICIONES","Operativo","",""
"103","103","Balanza de Pañales","SECA","SECA 856","8856309200100","MEDICIONES","Operativo","",""
"104","104","Balanza de Pañales","SECA","SECA 856","8856309200018","MEDICIONES","Operativo","",""
"105","105","Balanza de Pañales","SECA","SECA 856","8856293200175","MEDICIONES","Operativo","",""
"106","106","Balanza de Pañales","SECA","SECA 856","8856309200103","MEDICIONES","Operativo","",""
"107","107","Balanza de Pañales","SECA","SECA 856","8856293200154","MEDICIONES","Operativo","",""
"108","108","Balanza de Pañales","SECA","SECA 856","8856346200057","MEDICIONES","Operativo","",""
"109","109","Balanza de Pañales","SECA","SECA 856","8856293200168","MEDICIONES","Operativo","",""
"110","110","Balanza de Pañales","SECA","SECA 856","8856346200059","MEDICIONES","Operativo","",""
"111","111","Balanza de presición 2KG","","","S/N","MEDICIONES","Operativo","",""
"112","112","Balanza de presición 5KG","","","S/N","MEDICIONES","Operativo","",""
"113","113","Balanza Digital (Anatomía Patológica)","HYGECO","35656B","52646-0006187","MEDICIONES","Operativo","",""
"114","114","Balanza Digital (Farmacia) I","KERN & SHON","EWJ 600-2M","S/N","MEDICIONES","Operativo","",""
"115","115","Balanza Digital (Farmacia) I","KERN & SHON","EWJ 600-2M","S/N","MEDICIONES","Operativo","",""
"116","116","Balanza Digital (Farmacia) II","KERN & SHON","ADJ 200-4","S/N","MEDICIONES","Operativo","",""
"117","117","Balanza Digital (Pabellón)","HYGECO","356568","52646-0005908","MEDICIONES","Operativo","",""
"118","118","Balanza infantil con tallímetro","SECA","334-232-400","10000000800728","MEDICIONES","Operativo","",""
"119","119","Balanza infantil con tallímetro","SECA","334-232-400","10000000800733","MEDICIONES","Operativo","",""
"120","120","Balanza infantil con tallímetro","SECA","334-232-400","10000000800730","MEDICIONES","Operativo","",""
"121","121","Balanza infantil con tallímetro","SECA","334-232-400","10000000800731","MEDICIONES","Operativo","",""
"122","122","Balanza lactante","SECA","354","835429000000000000","MEDICIONES","Operativo","",""
"123","123","Balanza lactante","SECA","354","835429000000000000","MEDICIONES","Operativo","",""
"124","124","Balanza lactante","SECA","354","83543000000000000","MEDICIONES","Operativo","",""
"125","125","Balanza lactante","SECA","354","83543000000000000","MEDICIONES","Operativo","",""
"126","126","Balanza lactante","SECA","354","8354143220466","MEDICIONES","Operativo","",""
"127","127","Balanza lactante","SECA","354","8354143220517","MEDICIONES","Operativo","",""
"128","128","Balanza lactante","SECA","354","8354294210087","MEDICIONES","Operativo","",""
"129","129","Balanza lactante","SECA","354","8354143220519","MEDICIONES","Operativo","",""
"130","130","Balanza lactante","SECA","354","8354143220471","MEDICIONES","Operativo","",""
"131","131","Balanza lactante","SECA","354","8354303210120","MEDICIONES","Operativo","",""
"132","132","Balanza lactante","SECA","354","8354294210104","MEDICIONES","Operativo","",""
"133","133","Balanza lactante","SECA","354","8354303211172","MEDICIONES","Operativo","",""
"134","134","Balanza lactante","SECA","354","8354303210585","MEDICIONES","Operativo","",""
"135","135","Balanza lactante","SECA","354","8354143220521","MEDICIONES","Operativo","",""
"136","136","Balanza lactante","SECA","354","8354143220520","MEDICIONES","Operativo","",""
"137","137","Balanza lactante","SECA","354","8354143220050","MEDICIONES","Operativo","",""
"138","138","Balanza lactante","SECA","354","8354303211178","MEDICIONES","Operativo","",""
"139","139","Balanza lactante","SECA","354","8354294210091","MEDICIONES","Operativo","",""
"140","140","Balanza lactante","SECA","354","8354143220523","MEDICIONES","Operativo","",""
"141","141","Balanza lactante","SECA","354","8354294210093","MEDICIONES","Operativo","",""
"142","142","Balanza lactante","SECA","354","8354303210081","MEDICIONES","Operativo","",""
"143","143","Balanza lactante","SECA","354","8354303210061","MEDICIONES","Operativo","",""
"144","144","Balanza para silla de ruedas","SECA","SECA 676","10000000000000","MEDICIONES","Operativo","",""
"145","145","Balanza para silla de ruedas","SECA","SECA 676","10000000000000","MEDICIONES","Operativo","",""
"146","146","Balanza para silla de ruedas","SECA","SECA 676","10000000000000","MEDICIONES","Operativo","",""
"147","147","Balanza para silla de ruedas","SECA","SECA 676","10000000000000","MEDICIONES","Operativo","",""
"148","148","Balanza para silla de ruedas","SECA","SECA 676","10000000000000","MEDICIONES","Operativo","",""
"149","149","Banco carpintero para confección de órtesis","FISIOMARKET","BANCO ORTESIS","S/N","GENERAL","Operativo","",""
"150","150","Baño Flotación Histológico","LEICA","HI1210","17660","GENERAL","Operativo","",""
"151","151","Baño Flotación Histológico","LEICA","HI1210","177754","GENERAL","Operativo","",""
"152","152","Baño parafina","","","S/N","GENERAL","Operativo","",""
"153","153","Baño termorregulado","","","S/N","CALEFACCION","Operativo","",""
"154","154","Baño termorregulado","","","S/N","CALEFACCION","Operativo","",""
"155","155","Baño termorregulado","LAUDA","H24","1912863","CALEFACCION","Operativo","",""
"156","156","Baño termorregulado con agitador","","","S/N","GENERAL","Operativo","",""
"157","157","Barras paralelas regulables en altura","FISIOMARKET","FMK-79","S/N","GENERAL","Operativo","",""
"158","158","Barras paralelas regulables en altura","FISIOMARKET","FMK-79","S/N","GENERAL","Operativo","",""
"159","159","Base calefactora para oxigenoterapia por halo","","","S/N","GENERAL","Operativo","",""
"160","160","Batería de tinción manual","PORLAB","SS112","S/N","GENERAL","Operativo","",""
"161","161","Bicicleta de mano","","","S/N","GENERAL","Operativo","",""
"162","162","Bicicleta Estática","HUR","6300","Bicicleta U010010365","GENERAL","Operativo","","Cinta polar M2383Z0010295"
"163","163","Bicicleta Estática","HUR","6300","Bicicleta 2 U010010334","GENERAL","Operativo","","Cinta 2 M2383Z0010284"
"164","164","Bicicleta Estática","HUR","6300","Bicicleta 3 U010010381","GENERAL","Operativo","","Cinta 3 M2383Z0010288"
"165","165","Bilirrubinómetro","Mennem Medical / Gerium Medical","Bilicare","2200421","GENERAL","Operativo","",""
"166","166","Bilirrubinómetro","Mennem Medical / Gerium Medical","Bilicare","2200420","GENERAL","Operativo","",""
"167","167","Binoculares con aumento de luz","","","S/N","OPTICAS","Operativo","",""
"168","168","Binoculares con aumento de luz","","","S/N","OPTICAS","Operativo","",""
"169","169","Binoculares con aumento de luz","","","S/N","OPTICAS","Operativo","",""
"170","170","Binoculares con aumento de luz","","","S/N","OPTICAS","Operativo","",""
"171","171","Binoculares con aumento de luz","","","S/N","OPTICAS","Operativo","",""
"172","172","Binoculares con aumento de luz","","","S/N","OPTICAS","Operativo","",""
"173","173","Bioimpedancia (masa corporal)","","","S/N","GENERAL","Operativo","",""
"174","174","Bioimpedianciómetro","","","S/N","GENERAL","Operativo","",""
"175","175","Biombos separación clínica","","","S/N","GENERAL","Operativo","",""
"176","176","BIPAP","RESMED","AIRCURVE ST-A","22222195086","VENTILACION","Operativo","",""
"177","177","BIPAP","RESMED","AIRCURVE ST-A","22221958463","VENTILACION","Operativo","",""
"178","178","BIPAP","RESMED","AIRCURVE ST-A","22221958488","VENTILACION","Operativo","",""
"179","179","Bipedestador adulto","","","S/N","GENERAL","Operativo","",""
"180","180","Bipedestador adulto","HANDI MOVE","1620 ACTIVE HOIST","S/N","GENERAL","Operativo","",""
"181","181","Bipedestador pediátrico","","","S/N","GENERAL","Operativo","",""
"182","182","Bipedestador pediátrico","","","S/N","REABILITACION","Operativo","",""
"183","183","Bomba aspiración Portátil","CA-MI","NEW ASKIR 36 BR","S/N","ASPIRACION","Operativo","",""
"184","184","Bomba aspiración Portátil","CA-MI","NEW ASKIR 36 BR","S/N","ASPIRACION","Operativo","",""
"185","185","Bomba aspiración Portátil","CA-MI","NEW ASKIR 36 BR","S/N","ASPIRACION","Operativo","",""
"186","186","Bomba aspiración Portátil","CA-MI","NEW ASKIR 36 BR","S/N","ASPIRACION","Operativo","",""
"187","187","Bomba aspiración Portátil","CA-MI","NEW ASKIR 36 BR","S/N","ASPIRACION","Operativo","",""
"188","188","Bomba aspiración Portátil","CA-MI","NEW ASKIR 36 BR","S/N","ASPIRACION","Operativo","",""
"189","189","Bomba aspiración Portátil","CA-MI","NEW ASKIR 36 BR","S/N","ASPIRACION","Operativo","",""
"190","190","Bomba aspiración Portátil","CA-MI","NEW ASKIR 36 BR","S/N","ASPIRACION","Operativo","",""
"191","191","Bomba aspiración Portátil","CA-MI","NEW ASKIR 36 BR","S/N","ASPIRACION","Operativo","",""
"192","192","Bomba aspiración Portátil","CA-MI","NEW ASKIR 36 BR","S/N","ASPIRACION","Operativo","",""
"193","193","Bomba aspiración Portátil","CA-MI","NEW ASKIR 36 BR","S/N","ASPIRACION","Operativo","",""
"194","194","Bomba aspiración Portátil","CA-MI","NEW ASKIR 36 BR","S/N","ASPIRACION","Operativo","",""
"195","195","Bomba aspiración Portátil","CA-MI","NEW ASKIR 36 BR","S/N","ASPIRACION","Operativo","",""
"196","196","Bomba aspiración Portátil","CA-MI","NEW ASKIR 36 BR","S/N","ASPIRACION","Operativo","",""
"197","197","Bomba aspiración Portátil","CA-MI","NEW ASKIR 36 BR","S/N","ASPIRACION","Operativo","",""
"198","198","Bomba aspiración Portátil","CA-MI","NEW ASKIR 36 BR","S/N","ASPIRACION","Operativo","",""
"199","199","Bomba aspiración Portátil","CA-MI","NEW ASKIR 36 BR","S/N","ASPIRACION","Operativo","",""
"200","200","Bomba aspiración Portátil","","","S/N","ASPIRACION","Operativo","",""
"201","201","Bomba aspiración Portátil","CA-MI","NEW ASKIR 36 BR","S/N","ASPIRACION","Operativo","",""
"202","202","Bomba aspiración Portátil","CA-MI","NEW ASKIR 36 BR","S/N","ASPIRACION","Operativo","",""
"203","203","Bomba aspiración Portátil","CA-MI","NEW ASKIR 36 BR","S/N","ASPIRACION","Operativo","",""
"204","204","Bomba aspiración Portátil","CA-MI","NEW ASKIR 36 BR","S/N","ASPIRACION","Operativo","",""
"205","205","Bomba aspiración Portátil","CA-MI","NEW ASKIR 36 BR","S/N","ASPIRACION","Operativo","",""
"206","206","Bomba aspiración Portátil","CA-MI","NEW ASKIR 36 BR","S/N","ASPIRACION","Operativo","",""
"207","207","Bomba aspiración Portátil","CA-MI","NEW ASKIR 36 BR","S/N","ASPIRACION","Operativo","",""
"208","208","Bomba aspiración Portátil","CA-MI","NEW ASKIR 36 BR","S/N","ASPIRACION","Operativo","",""
"209","209","Bomba aspiración Portátil","CA-MI","NEW ASKIR 36 BR","S/N","ASPIRACION","Operativo","",""
"210","210","Bomba aspiración Portátil","CA-MI","NEW ASKIR 36 BR","S/N","ASPIRACION","Operativo","",""
"211","211","Bomba aspiración Portátil","CA-MI","NEW ASKIR 36 BR","S/N","ASPIRACION","Operativo","",""
"212","212","Cabina PCR","","","S/N","GENERAL","Operativo","",""
"213","213","Cabina PCR","","","S/N","GENERAL","Operativo","",""
"214","214","Caja de lentes de prueba y Monturas de Prueba","CANTON","CT 4301","S/N","OPTICAS","Operativo","",""
"215","215","Caja de lentes de prueba y Monturas de Prueba","CANTON","CT 4301","S/N","OPTICAS","Operativo","",""
"216","216","Caja de lentes de prueba y Monturas de Prueba","CANTON","CT 4301","S/N","OPTICAS","Operativo","",""
"217","217","Caja de prismas","GULDEN OPHTHALMICS","EN BARRA Y SUELTOS","S/N","OPTICAS","Operativo","",""
"218","218","Calefactor Radiante","Atom","Sunflower Warmer Base (de pie)","615732300013","GENERAL","Operativo","",""
"219","219","Calentador de Compresas 30L","RELIEF PACK","RP8M/RP6S","RP6S0603","CALEFACCION","Operativo","",""
"220","220","Calentador de Compresas 60L","RELIEF PACK","RP8M/RP6S","RPM8M0392","CALEFACCION","Operativo","",""
"221","221","Calentador de Compresas 60L","RELIEF PACK","RP8M/RP6S","RP8M0394","CALEFACCION","Operativo","",""
"222","222","Calentador de Compresas 60L","RELIEF PACK","RP8M/RP6S","RP8M0359","CALEFACCION","Operativo","",""
"223","223","Calentador de Infusión","QUALMEDI","120B","S/N","CALEFACCION","Operativo","",""
"224","224","Calentador de Infusión","QUALMEDI","120B","S/N","CALEFACCION","Operativo","",""
"225","225","Calentador de Infusión","QUALMEDI","120B","S/N","CALEFACCION","Operativo","",""
"226","226","Calentador de Infusión","QUALMEDI","120B","S/N","CALEFACCION","Operativo","",""
"227","227","Calentador de Infusión","QUALMEDI","120B","S/N","CALEFACCION","Operativo","",""
"228","228","Calentador de Infusión","","","S/N","CALEFACCION","Operativo","",""
"229","229","Calentador de Infusión","QUALMEDI","120B","S/N","CALEFACCION","Operativo","",""
"230","230","Calentador de Infusión","QUALMEDI","120B","S/N","CALEFACCION","Operativo","",""
"231","231","Calentador de Infusión","QUALMEDI","120B","S/N","CALEFACCION","Operativo","",""
"232","232","Calentador de Mamaderas","MEDELA","CALESCA","1310322","CALEFACCION","Operativo","",""
"233","233","Calentador de Mantas y Suero","ENTHERMICS","EC150BL","34600025-1","CALEFACCION","Operativo","",""
"234","234","Calentador de Pacientes","3M","675","30278","CALEFACCION","Operativo","",""
"235","235","Calentador de Pacientes","3M","675","30287","CALEFACCION","Operativo","",""
"236","236","Calentador de Pacientes","3M","675","30266","CALEFACCION","Operativo","",""
"237","237","Calentador de Pacientes","3M","675","30286","CALEFACCION","Operativo","",""
"238","238","Calentador de Pacientes","3M","675","30279","CALEFACCION","Operativo","",""
"239","239","Calentador de Pacientes","3M","675","30285","CALEFACCION","Operativo","",""
"240","240","Calentador de Pacientes","3M","675","30174","CALEFACCION","Operativo","",""
"241","241","Calentador de Pacientes","3M","675","30258","CALEFACCION","Operativo","",""
"242","242","Calentador de Pacientes","","","S/N","CALEFACCION","Operativo","",""
"243","243","Calentador de Pacientes","3M","675","30175","CALEFACCION","Operativo","",""
"244","244","Calentador de Pacientes","3M","675","30288","CALEFACCION","Operativo","",""
"245","245","Calentador de Pacientes","","","S/N","CALEFACCION","Operativo","",""
"246","246","Calentador de Pacientes","3M","675","30259","CALEFACCION","Operativo","",""
"247","247","Calentador de Pacientes","3M","675","30262","CALEFACCION","Operativo","",""
"248","248","Calentador de Pacientes","3M","675","30263 y 30271","CALEFACCION","Operativo","",""
"249","249","Calentador de Pacientes","3M","675","30173 y 30299","CALEFACCION","Operativo","",""
"250","250","Calentador de Pacientes","","","S/N","CALEFACCION","Operativo","",""
"251","251","Calentador de Pacientes","3M","675","30291 y 30222","CALEFACCION","Operativo","",""
"252","252","Calentador de pacientes neo","3M","675","30309","CALEFACCION","Operativo","",""
"253","253","Caliper","","","S/N","GENERAL","Operativo","",""
"254","254","Cama de Parto Integral","LINET","Ave 2","20230232921","TRASLADORAS","Operativo","",""
"255","255","Cama de Parto Integral","LINET","Ave 2","20230232919","GENERAL","Operativo","",""
"256","256","Cámara de cultivo","","","S/N","LABORATORIO","Operativo","",""
"257","257","Cámara de Traslado de Pacientes","","","S/N","TRASLADORAS","Operativo","",""
"258","258","Cámara fotográfica digital","CANON","EOS REBEN T7","712077023154","OPTICAS","Operativo","","  (LENTE N°S: 3579012959, BATERÍA N°S: FI71G)"
"259","259","Cámara fotográfica digital","CANON","EOS REBEN T7","732077023318","OPTICAS","Operativo","","  (LENTE N°S: 3779012934, BATERÍA N°S: FK91G)"
"260","260","Cámara mortuoria frontal","AnatHomic Solutions","NE-303","221630 (CÁMARA","REFRIGERACION","Operativo","","), 221620 (CARRO ELEVADOR), 202204080021 (SIST DE REFRIGERACION)"
"261","261","Cámara retinal no midriática","CANON","CR2-AF","120024","OPTICAS","Operativo","",""
"262","262","Cámara silente y Audiómetro","ECKEL/GRASON-STADLER","CL14LP/AUDIOSTAR PRO","GS0109797","GENERAL","Operativo","",""
"263","263","Camilla Baja Ancha (BOBATH)","COINFYCARE","EL02W","240501k002","TRASLADORAS","Operativo","",""
"264","264","Camilla Baja Ancha (BOBATH)","COINFYCARE","EL02W","240501k003","TRASLADORAS","Operativo","",""
"265","265","Camilla de examen","CLINICON (FABRICANTE ITALINOX)","CAMILLA DE EXAMEN","S/N","TRASLADORAS","Operativo","",""
"266","266","Camilla de examen","CLINICON (FABRICANTE ITALINOX)","CAMILLA DE EXAMEN","S/N","TRASLADORAS","Operativo","",""
"267","267","Camilla de examen","CLINICON (FABRICANTE ITALINOX)","CAMILLA DE EXAMEN","S/N","TRASLADORAS","Operativo","",""
"268","268","Camilla de examen","CLINICON (FABRICANTE ITALINOX)","CAMILLA DE EXAMEN","S/N","TRASLADORAS","Operativo","",""
"269","269","Camilla de examen","CLINICON (FABRICANTE ITALINOX)","CAMILLA DE EXAMEN","S/N","TRASLADORAS","Operativo","",""
"270","270","Camilla de examen","CLINICON (FABRICANTE ITALINOX)","CAMILLA DE EXAMEN","S/N","TRASLADORAS","Operativo","",""
"271","271","Camilla de examen","CLINICON (FABRICANTE ITALINOX)","CAMILLA DE EXAMEN","S/N","TRASLADORAS","Operativo","",""
"272","272","Camilla de examen","CLINICON (FABRICANTE ITALINOX)","CAMILLA DE EXAMEN","S/N","TRASLADORAS","Operativo","",""
"273","273","Camilla de examen","CLINICON (FABRICANTE ITALINOX)","CAMILLA DE EXAMEN","S/N","TRASLADORAS","Operativo","",""
"274","274","Camilla de examen","CLINICON (FABRICANTE ITALINOX)","CAMILLA DE EXAMEN","S/N","TRASLADORAS","Operativo","",""
"275","275","Camilla de examen","CLINICON (FABRICANTE ITALINOX)","CAMILLA DE EXAMEN","S/N","TRASLADORAS","Operativo","",""
"276","276","Camilla de examen","CLINICON (FABRICANTE ITALINOX)","CAMILLA DE EXAMEN","S/N","TRASLADORAS","Operativo","",""
"277","277","Camilla de examen","CLINICON (FABRICANTE ITALINOX)","CAMILLA DE EXAMEN","S/N","TRASLADORAS","Operativo","",""
"278","278","Camilla de examen","CLINICON (FABRICANTE ITALINOX)","CAMILLA DE EXAMEN","S/N","TRASLADORAS","Operativo","",""
"279","279","Camilla de examen","CLINICON (FABRICANTE ITALINOX)","CAMILLA DE EXAMEN","S/N","TRASLADORAS","Operativo","",""
"280","280","Camilla de examen","CLINICON (FABRICANTE ITALINOX)","CAMILLA DE EXAMEN","S/N","TRASLADORAS","Operativo","",""
"281","281","Camilla de examen","CLINICON (FABRICANTE ITALINOX)","CAMILLA DE EXAMEN","S/N","TRASLADORAS","Operativo","",""
"282","282","Camilla de examen","CLINICON (FABRICANTE ITALINOX)","CAMILLA DE EXAMEN","S/N","TRASLADORAS","Operativo","",""
"283","283","Camilla de examen","CLINICON (FABRICANTE ITALINOX)","CAMILLA DE EXAMEN","S/N","TRASLADORAS","Operativo","",""
"284","284","Camilla de examen","CLINICON (FABRICANTE ITALINOX)","CAMILLA DE EXAMEN","S/N","TRASLADORAS","Operativo","",""
"285","285","Camilla de examen","CLINICON (FABRICANTE ITALINOX)","CAMILLA DE EXAMEN","S/N","TRASLADORAS","Operativo","",""
"286","286","Camilla de examen","CLINICON (FABRICANTE ITALINOX)","CAMILLA DE EXAMEN","S/N","TRASLADORAS","Operativo","",""
"287","287","Camilla de examen","CLINICON (FABRICANTE ITALINOX)","CAMILLA DE EXAMEN","S/N","TRASLADORAS","Operativo","",""
"288","288","Camilla de examen","CLINICON (FABRICANTE ITALINOX)","CAMILLA DE EXAMEN","S/N","TRASLADORAS","Operativo","",""
"289","289","Camilla de examen","CLINICON (FABRICANTE ITALINOX)","CAMILLA DE EXAMEN","S/N","TRASLADORAS","Operativo","",""
"290","290","Camilla de examen","CLINICON (FABRICANTE ITALINOX)","CAMILLA DE EXAMEN","S/N","TRASLADORAS","Operativo","",""
"291","291","Camilla de examen","CLINICON (FABRICANTE ITALINOX)","CAMILLA DE EXAMEN","S/N","TRASLADORAS","Operativo","",""
"292","292","Camilla de examen","CLINICON (FABRICANTE ITALINOX)","CAMILLA DE EXAMEN","S/N","TRASLADORAS","Operativo","",""
"293","293","Camilla de examen","CLINICON (FABRICANTE ITALINOX)","CAMILLA DE EXAMEN","S/N","TRASLADORAS","Operativo","",""
"294","294","Camilla de examen","CLINICON (FABRICANTE ITALINOX)","CAMILLA DE EXAMEN","S/N","TRASLADORAS","Operativo","",""
"295","295","Camilla de examen","","","S/N","TRASLADORAS","Operativo","",""
"296","296","Camilla de examen","","","S/N","TRASLADORAS","Operativo","",""
"297","297","Camilla de examen","","","S/N","TRASLADORAS","Operativo","",""
"298","298","Camilla de Transporte de Paciente compatible con RM","","","S/N","TRASLADORAS","Operativo","",""
"299","299","Camilla de Transporte de Paciente compatible con RM","","","S/N","TRASLADORAS","Operativo","",""
"300","300","Camilla Ginecológica","BREWER","5000","S/N","TRASLADORAS","Operativo","",""
"301","301","Camilla Ginecológica","BREWER","5000","S/N","TRASLADORAS","Operativo","",""
"302","302","Camilla Ginecológica","BREWER","5000","S/N","TRASLADORAS","Operativo","",""
"303","303","Camilla Ginecológica","BREWER","5000","S/N","TRASLADORAS","Operativo","",""
"304","304","Camilla Ginecológica","BREWER","5000","S/N","TRASLADORAS","Operativo","",""
"305","305","Camilla Ginecológica","BREWER","5000","S/N","TRASLADORAS","Operativo","",""
"306","306","Camilla Ginecológica","BREWER","5000","S/N","TRASLADORAS","Operativo","",""
"307","307","Camilla Ginecológica","BREWER","5000","S/N","TRASLADORAS","Operativo","",""
"308","308","Camilla Ginecológica","BREWER","5000","S/N","TRASLADORAS","Operativo","",""
"309","309","Camilla Ginecológica","BREWER","5000","S/N","TRASLADORAS","Operativo","",""
"310","310","Camilla Ginecológica","BREWER","5000","S/N","TRASLADORAS","Operativo","",""
"311","311","Camilla Ginecológica","BREWER","5000","S/N","TRASLADORAS","Operativo","",""
"312","312","Camilla Ginecológica","BREWER","5000","S/N","TRASLADORAS","Operativo","",""
"313","313","Camilla Ginecológica","BREWER","5000","S/N","TRASLADORAS","Operativo","",""
"314","314","Camilla kinesiológica base de madera","CLINICON (FABRICANTE ITALINOX)","CAMILLA KINESIOLÓGICA DE MADERA","S/N","TRASLADORAS","Operativo","",""
"315","315","Camilla kinesiológica para ultratermia","FISIOMARKET","CAMILLA UT","S/N","TRASLADORAS","Operativo","",""
"316","316","Camilla kinesiológica para ultratermia","FISIOMARKET","CAMILLA UT","S/N","TRASLADORAS","Operativo","",""
"317","317","Camilla kinesiológica tipo eléctrica","GIVAS","AT4046E","1263910","TRASLADORAS","Operativo","",""
"318","318","Camilla kinesiológica tipo eléctrica","GIVAS","AT4046E","1263920","TRASLADORAS","Operativo","",""
"319","319","Camilla kinesiológica tipo eléctrica","GIVAS","AT4046E","1263916","TRASLADORAS","Operativo","",""
"320","320","Camilla kinesiológica tipo eléctrica","GIVAS","AT4046E","1263919","TRASLADORAS","Operativo","",""
"321","321","Camilla kinesiológica tipo eléctrica","GIVAS","AT4046E","1263912","TRASLADORAS","Operativo","",""
"322","322","Camilla kinesiológica tipo eléctrica","GIVAS","AT4046E","1263913","TRASLADORAS","Operativo","",""
"323","323","Camilla kinesiológica tipo eléctrica","GIVAS","AT4046E","1263917","TRASLADORAS","Operativo","",""
"324","324","Camilla kinesiológica tipo eléctrica","GIVAS","AT4046E","1263915","TRASLADORAS","Operativo","",""
"325","325","Camilla kinesiológica tipo eléctrica","GIVAS","AT4046E","1263921","TRASLADORAS","Operativo","",""
"326","326","Camilla kinesiológica tipo eléctrica","GIVAS","AT4046E","1263911","TRASLADORAS","Operativo","",""
"327","327","Camilla kinesiológica tipo hidráulica","GIVAS","AT4046","1263904","TRASLADORAS","Operativo","",""
"328","328","Camilla kinesiológica tipo hidráulica","GIVAS","AT4046","1263908","TRASLADORAS","Operativo","",""
"329","329","Camilla kinesiológica tipo hidráulica","GIVAS","AT4046","1263909","TRASLADORAS","Operativo","",""
"330","330","Camilla kinesiológica tipo hidráulica","GIVAS","AT4046","1263907 ","TRASLADORAS","Operativo","",""
"331","331","Camilla kinesiológica tipo hidráulica con ruedas","SAIKANG","X14 CON BARANDAS","S/N","TRASLADORAS","Operativo","",""
"332","332","Camilla Transporte de Cadáveres","ANATHOMIC SOLUTIONS","CA-422","S/N","TRASLADORAS","Operativo","",""
"333","333","CAMILLA TRANSPORTE DE PACIENTE","LINET","SPRINT100 STD","20220233400","TRASLADORAS","Operativo","",""
"334","334","CAMILLA TRANSPORTE DE PACIENTE","LINET","SPRINT100 STD","20220233399","TRASLADORAS","Operativo","",""
"335","335","CAMILLA TRANSPORTE DE PACIENTE","LINET","SPRINT100 STD","20220233420","TRASLADORAS","Operativo","",""
"336","336","CAMILLA TRANSPORTE DE PACIENTE","LINET","SPRINT100 STD","20220233385","TRASLADORAS","Operativo","",""
"337","337","CAMILLA TRANSPORTE DE PACIENTE","LINET","SPRINT100 STD","20220233427","TRASLADORAS","Operativo","",""
"338","338","CAMILLA TRANSPORTE DE PACIENTE","LINET","SPRINT100 STD","20220233377","TRASLADORAS","Operativo","",""
"339","339","CAMILLA TRANSPORTE DE PACIENTE","LINET","SPRINT100 STD","20220233374","TRASLADORAS","Operativo","",""
"340","340","CAMILLA TRANSPORTE DE PACIENTE","LINET","SPRINT100 STD","20220233388","TRASLADORAS","Operativo","",""
"341","341","CAMILLA TRANSPORTE DE PACIENTE","LINET","SPRINT100 STD","20220233414","TRASLADORAS","Operativo","",""
"342","342","CAMILLA TRANSPORTE DE PACIENTE","LINET","SPRINT100 STD","20220233418","TRASLADORAS","Operativo","",""
"343","343","CAMILLA TRANSPORTE DE PACIENTE","LINET","SPRINT100 STD","20220233413","TRASLADORAS","Operativo","",""
"344","344","CAMILLA TRANSPORTE DE PACIENTE","LINET","SPRINT100 STD","20220233421","TRASLADORAS","Operativo","",""
"345","345","CAMILLA TRANSPORTE DE PACIENTE","LINET","SPRINT100 STD","20220233390","TRASLADORAS","Operativo","",""
"346","346","CAMILLA TRANSPORTE DE PACIENTE","LINET","SPRINT100 STD","20220233386","TRASLADORAS","Operativo","",""
"347","347","CAMILLA TRANSPORTE DE PACIENTE","LINET","SPRINT100 STD","20220233396","TRASLADORAS","Operativo","",""
"348","348","CAMILLA TRANSPORTE DE PACIENTE","LINET","SPRINT100 STD","20220233404","TRASLADORAS","Operativo","",""
"349","349","CAMILLA TRANSPORTE DE PACIENTE","LINET","SPRINT100 STD","20220233406","TRASLADORAS","Operativo","",""
"350","350","CAMILLA TRANSPORTE DE PACIENTE","LINET","SPRINT100 STD","20220233422","TRASLADORAS","Operativo","",""
"351","351","CAMILLA TRANSPORTE DE PACIENTE","LINET","SPRINT100 STD","20220233423","TRASLADORAS","Operativo","",""
"352","352","CAMILLA TRANSPORTE DE PACIENTE","LINET","SPRINT100 STD","20220233376","TRASLADORAS","Operativo","",""
"353","353","CAMILLA TRANSPORTE DE PACIENTE","LINET","SPRINT100 STD","20220233379","TRASLADORAS","Operativo","",""
"354","354","CAMILLA TRANSPORTE DE PACIENTE","LINET","SPRINT100 STD","20220233380","TRASLADORAS","Operativo","",""
"355","355","CAMILLA TRANSPORTE DE PACIENTE","LINET","SPRINT100 STD","20220233401","TRASLADORAS","Operativo","",""
"356","356","CAMILLA TRANSPORTE DE PACIENTE","LINET","SPRINT100 STD","20220233378","TRASLADORAS","Operativo","",""
"357","357","CAMILLA TRANSPORTE DE PACIENTE","LINET","SPRINT100 STD","20220233426","TRASLADORAS","Operativo","",""
"358","358","CAMILLA TRANSPORTE DE PACIENTE","LINET","SPRINT100 STD","20220233373","TRASLADORAS","Operativo","",""
"359","359","CAMILLA TRANSPORTE DE PACIENTE","LINET","SPRINT100 STD","20220233416","TRASLADORAS","Operativo","",""
"360","360","CAMILLA TRANSPORTE DE PACIENTE","LINET","SPRINT100 STD","20220233381","TRASLADORAS","Operativo","",""
"361","361","CAMILLA TRANSPORTE DE PACIENTE","LINET","SPRINT100 STD","20220233402","TRASLADORAS","Operativo","",""
"362","362","CAMILLA TRANSPORTE DE PACIENTE","LINET","SPRINT100 STD","20220233394","TRASLADORAS","Operativo","",""
"363","363","CAMILLA TRANSPORTE DE PACIENTE","LINET","SPRINT100 STD","20220233395","TRASLADORAS","Operativo","",""
"364","364","CAMILLA TRANSPORTE DE PACIENTE","LINET","SPRINT100 STD","20220233375","TRASLADORAS","Operativo","",""
"365","365","CAMILLA TRANSPORTE DE PACIENTE","LINET","SPRINT100 STD","20210264755","TRASLADORAS","Operativo","",""
"366","366","CAMILLA TRANSPORTE DE PACIENTE","LINET","SPRINT100 STD","20210264754","TRASLADORAS","Operativo","",""
"367","367","CAMILLA TRANSPORTE DE PACIENTE","LINET","SPRINT100 STD","20220233417","TRASLADORAS","Operativo","",""
"368","368","CAMILLA TRANSPORTE DE PACIENTE","LINET","SPRINT100 STD","20220233389","TRASLADORAS","Operativo","",""
"369","369","CAMILLA TRANSPORTE DE PACIENTE","LINET","SPRINT100 STD","20220233398","TRASLADORAS","Operativo","",""
"370","370","CAMILLA TRANSPORTE DE PACIENTE","LINET","SPRINT100 STD","20220233392","TRASLADORAS","Operativo","",""
"371","371","CAMILLA TRANSPORTE DE PACIENTE","LINET","SPRINT100 STD","20220233393","TRASLADORAS","Operativo","",""
"372","372","CAMILLA TRANSPORTE DE PACIENTE","LINET","SPRINT100 STD","20220233424","TRASLADORAS","Operativo","",""
"373","373","CAMILLA TRANSPORTE DE PACIENTE","LINET","SPRINT100 STD","20220233425","TRASLADORAS","Operativo","",""
"374","374","CAMILLA TRANSPORTE DE PACIENTE","LINET","SPRINT100 STD","20220233372","TRASLADORAS","Operativo","",""
"375","375","CAMILLA TRANSPORTE DE PACIENTE","LINET","SPRINT100 STD","20220233405","TRASLADORAS","Operativo","",""
"376","376","CAMILLA TRANSPORTE DE PACIENTE","LINET","SPRINT100 STD","20220233419","TRASLADORAS","Operativo","",""
"377","377","CAMILLA TRANSPORTE DE PACIENTE","LINET","SPRINT100 STD","20220233370","TRASLADORAS","Operativo","",""
"378","378","CAMILLA TRANSPORTE DE PACIENTE","LINET","SPRINT100 STD","20220233412","TRASLADORAS","Operativo","",""
"379","379","CAMILLA TRANSPORTE DE PACIENTE","LINET","SPRINT100 STD","20220233411","TRASLADORAS","Operativo","",""
"380","380","CAMILLA TRANSPORTE DE PACIENTE","LINET","SPRINT100 STD","20220233391","TRASLADORAS","Operativo","",""
"381","381","CAMILLA TRANSPORTE DE PACIENTE","LINET","SPRINT100 STD","20220233415","TRASLADORAS","Operativo","",""
"382","382","CAMILLA TRANSPORTE DE PACIENTE","LINET","SPRINT100 STD","20220233410","TRASLADORAS","Operativo","",""
"383","383","CAMILLA TRANSPORTE DE PACIENTE","LINET","SPRINT100 STD","20220233371","TRASLADORAS","Operativo","",""
"384","384","CAMILLA TRANSPORTE DE PACIENTE","LINET","SPRINT100 STD","20220233409","TRASLADORAS","Operativo","",""
"385","385","CAMILLA TRANSPORTE DE PACIENTE","LINET","SPRINT100 STD","20220231018","TRASLADORAS","Operativo","",""
"386","386","CAMILLA TRANSPORTE DE PACIENTE RADIOLÚCIDA","LINET","SPRINT 100 X RAY","20220230990","TRASLADORAS","Operativo","",""
"387","387","CAMILLA TRANSPORTE DE PACIENTE RADIOLÚCIDA","LINET","SPRINT 100 X RAY","20220230987","TRASLADORAS","Operativo","",""
"388","388","CAMILLA TRANSPORTE DE PACIENTE RADIOLÚCIDA","LINET","SPRINT 100 X RAY","20220230988","TRASLADORAS","Operativo","",""
"389","389","CAMILLA TRANSPORTE DE PACIENTE RADIOLÚCIDA","LINET","SPRINT 100 X RAY","20220230986","TRASLADORAS","Operativo","",""
"390","390","CAMILLA TRANSPORTE DE PACIENTE RADIOLÚCIDA","LINET","SPRINT 100 X RAY","20220230989","TRASLADORAS","Operativo","",""
"391","391","CAMILLA TRANSPORTE DE PACIENTE RADIOLÚCIDA","LINET","SPRINT 100 X RAY","20220230991","TRASLADORAS","Operativo","",""
"392","392","CAMILLA TRANSPORTE DE PACIENTE RADIOLÚCIDA","LINET","SPRINT 100 X RAY","20220104328","TRASLADORAS","Operativo","",""
"393","393","Camilla urológica","GIVAS","AV4028","S/N","TRASLADORAS","Operativo","",""
"394","394","Camillas plegables","SAIKANG","SKB1A05","S/N","TRASLADORAS","Operativo","",""
"395","395","Campana de extracción de gases","Labconco","Protector XL de 4 pies","220633507B","VENTILACION","Operativo","","(220634039A)"
"396","396","Campana de extracción de gases","Labconco","Protector XL de 4 pies","220633506B(","VENTILACION","Operativo","","220634041A)"
"397","397","Campana de extracción de gases","Labconco","Protector XL de 4 pies","220633500B ","VENTILACION","Operativo","","(base 22063045A)"
"398","398","Campana de extracción de gases","Labconco","Protector XL de 4 pies","220633504B","VENTILACION","Operativo","","(220634038A)"
"399","399","Campana de extracción de gases","Labconco","Protector XL de 4 pies","220633505B","VENTILACION","Operativo","","(220734392A)"
"400","400","Campana de extracción de gases","Labconco","Protector XL de 4 pies","220633499B","VENTILACION","Operativo","","(220734393A)"
"401","401","Campana de flujo laminar","ESCO","Airstream LVG-4AG-F8","2022-184612","VENTILACION","Operativo","",""
"402","402","Campana de flujo laminar","ESCO","Airstream LVG-4AG-F8","2020-157238","VENTILACION","Operativo","",""
"403","403","Campímetro Goldman computarizado","ZEISS","HFA3 850","850-16831","VENTILACION","Operativo","",""
"404","404","Cánula de alto flujo","Fisher paykel","Airvo2","200608137255","VENTILACION","Operativo","",""
"405","405","Capnógrafo","Winland","Capnoeasy","237949","VENTILACION","Operativo","",""
"406","406","Capnógrafo","Winland","Capnoeasy","237946","VENTILACION","Operativo","",""
"407","407","Capnógrafo","Winland","Capnoeasy","237947","VENTILACION","Operativo","",""
"408","408","Capnógrafo","Winland","Capnoeasy","222793","VENTILACION","Operativo","",""
"409","409","Capnógrafo","Winland","Capnoeasy","222817","VENTILACION","Operativo","",""
"410","410","Carpa Hospitalaria","TARPULIN","MTN56","10064","CARPA","Operativo","","  Generador: 10467924"
"411","411","Carro 2 bandejas","BAILIDA","MX-FC-2803","S/N","CARROS","Operativo","",""
"412","412","Carro 2 bandejas","BAILIDA","MX-FC-2803","S/N","CARROS","Operativo","",""
"413","413","Carro 2 bandejas","BAILIDA","MX-FC-2803","S/N","CARROS","Operativo","",""
"414","414","Carro 2 bandejas","BAILIDA","MX-FC-2803","S/N","CARROS","Operativo","",""
"415","415","Carro Anestesia","MALVESTIO","329604","2186","CARROS","Operativo","",""
"416","416","Carro Anestesia","MALVESTIO","329604","2188","CARROS","Operativo","",""
"417","417","Carro Anestesia","MALVESTIO","329604","2189","CARROS","Operativo","",""
"418","418","Carro Anestesia","MALVESTIO","329604","2185","CARROS","Operativo","",""
"419","419","Carro Anestesia","MALVESTIO","329604","2190","CARROS","Operativo","",""
"420","420","Carro Anestesia","MALVESTIO","329604","2187","CARROS","Operativo","",""
"421","421","Carro Aseo Paciente","FRANCEHOPITAL","PERMODUL PMC53","S/N","CARROS","Operativo","",""
"422","422","Carro Aseo Paciente","FRANCEHOPITAL","PERMODUL PMC53","S/N","CARROS","Operativo","",""
"423","423","Carro Aseo Paciente","FRANCEHOPITAL","PERMODUL PMC53","S/N","CARROS","Operativo","",""
"424","424","Carro Aseo Paciente","FRANCEHOPITAL","PERMODUL PMC53","S/N","CARROS","Operativo","",""
"425","425","Carro Aseo Paciente","FRANCEHOPITAL","PERMODUL PMC53","S/N","CARROS","Operativo","",""
"426","426","Carro Aseo Paciente","FRANCEHOPITAL","PERMODUL PMC53","S/N","CARROS","Operativo","",""
"427","427","Carro Aseo Paciente","FRANCEHOPITAL","PERMODUL PMC53","S/N","CARROS","Operativo","",""
"428","428","Carro Aseo Paciente","FRANCEHOPITAL","PERMODUL PMC53","S/N","CARROS","Operativo","",""
"429","429","Carro Aseo Paciente","FRANCEHOPITAL","PERMODUL PMC53","S/N","CARROS","Operativo","",""
"430","430","Carro Compresero","INOXSERVI","CARC20","S/N","CARROS","Operativo","",""
"431","431","Carro Compresero","INOXSERVI","CARC20","S/N","CARROS","Operativo","",""
"432","432","Carro Compresero","INOXSERVI","CARC20","S/N","CARROS","Operativo","",""
"433","433","Carro Compresero","INOXSERVI","CARC20","S/N","CARROS","Operativo","",""
"434","434","Carro Compresero","INOXSERVI","CARC20","S/N","CARROS","Operativo","",""
"435","435","Carro Compresero","INOXSERVI","CARC20","S/N","CARROS","Operativo","",""
"436","436","Carro de Curación","","","S/N","CARROS","Operativo","",""
"437","437","Carro de Curación","","","S/N","CARROS","Operativo","",""
"438","438","Carro de Curación","BLUEMEDICAL","329604","3297","CARROS","Operativo","",""
"439","439","Carro de Curación","BLUEMEDICAL","329604","2208","CARROS","Operativo","",""
"440","440","Carro de Curación","BLUEMEDICAL","329604","3296","CARROS","Operativo","",""
"441","441","Carro de Curación","","","S/N","CARROS","Operativo","",""
"442","442","Carro de Curación","","","S/N","CARROS","Operativo","",""
"443","443","Carro de Curación","","","S/N","CARROS","Operativo","",""
"444","444","Carro de Curación","","","S/N","CARROS","Operativo","",""
"445","445","Carro de Curación","BLUEMEDICAL","329604","2207","CARROS","Operativo","",""
"446","446","Carro de Paro (RNM)","","","S/N","CARROS","Operativo","",""
"447","447","Carro de paro completo","Nihon Kohden","TEC-5631E","S/N","CARROS","Operativo","",""
"448","448","Carro de paro completo","Nihon Kohden","TEC-5631E","S/N","CARROS","Operativo","",""
"449","449","Carro de paro completo","","","S/N","CARROS","Operativo","",""
"450","450","Carro de paro completo","","","S/N","CARROS","Operativo","",""
"451","451","Carro de paro completo ADULTO","MALVESTIO / NIHON KOHDEN","329501 / TEC-5631","06757","MONITOREO","Operativo","",""
"452","452","Carro de paro completo ADULTO","MALVESTIO / NIHON KOHDEN","329501 / TEC-5631","06765","MONITOREO","Operativo","",""
"453","453","Carro de paro completo ADULTO","MALVESTIO / NIHON KOHDEN","329501 / TEC-5631","6193","MONITOREO","Operativo","",""
"454","454","Carro de paro completo ADULTO","MALVESTIO / NIHON KOHDEN","329501 / TEC-5631","6719","MONITOREO","Operativo","",""
"455","455","Carro de paro completo ADULTO","MALVESTIO / NIHON KOHDEN","329501 / TEC-5631","6720","MONITOREO","Operativo","",""
"456","456","Carro de paro completo ADULTO","MALVESTIO / NIHON KOHDEN","329501 / TEC-5631","6722","MONITOREO","Operativo","",""
"457","457","Carro de paro completo ADULTO","MALVESTIO / NIHON KOHDEN","329501 / TEC-5631","6723","MONITOREO","Operativo","",""
"458","458","Carro de paro completo ADULTO","MALVESTIO / NIHON KOHDEN","329501 / TEC-5631","6724","MONITOREO","Operativo","",""
"459","459","Carro de paro completo ADULTO","MALVESTIO / NIHON KOHDEN","329501 / TEC-5631","6726","MONITOREO","Operativo","",""
"460","460","Carro de paro completo ADULTO","MALVESTIO / NIHON KOHDEN","329501 / TEC-5631","6727","MONITOREO","Operativo","",""
"461","461","Carro de paro completo ADULTO","MALVESTIO / NIHON KOHDEN","329501 / TEC-5631","6728","MONITOREO","Operativo","",""
"462","462","Carro de paro completo ADULTO","MALVESTIO / NIHON KOHDEN","329501 / TEC-5631","6729","MONITOREO","Operativo","",""
"463","463","Carro de paro completo ADULTO","MALVESTIO / NIHON KOHDEN","329501 / TEC-5631","6730","MONITOREO","Operativo","",""
"464","464","Carro de paro completo ADULTO","MALVESTIO / NIHON KOHDEN","329501 / TEC-5631","6731","MONITOREO","Operativo","",""
"465","465","Carro de paro completo ADULTO","MALVESTIO / NIHON KOHDEN","329501 / TEC-5631","6732","MONITOREO","Operativo","",""
"466","466","Carro de paro completo ADULTO","MALVESTIO / NIHON KOHDEN","329501 / TEC-5631","6734","MONITOREO","Operativo","",""
"467","467","Carro de paro completo ADULTO","MALVESTIO / NIHON KOHDEN","329501 / TEC-5631","6744","MONITOREO","Operativo","",""
"468","468","Carro de paro completo ADULTO","MALVESTIO / NIHON KOHDEN","329501 / TEC-5631","6745","MONITOREO","Operativo","",""
"469","469","Carro de paro completo ADULTO","MALVESTIO / NIHON KOHDEN","329501 / TEC-5631","6750","MONITOREO","Operativo","",""
"470","470","Carro de paro completo ADULTO","MALVESTIO / NIHON KOHDEN","329501 / TEC-5631","6751","MONITOREO","Operativo","",""
"471","471","Carro de paro completo ADULTO","MALVESTIO / NIHON KOHDEN","329501 / TEC-5631","6753","MONITOREO","Operativo","",""
"472","472","Carro de paro completo ADULTO","MALVESTIO / NIHON KOHDEN","329501 / TEC-5631","6756","MONITOREO","Operativo","",""
"473","473","Carro de paro completo ADULTO","MALVESTIO / NIHON KOHDEN","329501 / TEC-5631","6759","MONITOREO","Operativo","",""
"474","474","Carro de paro completo ADULTO","MALVESTIO / NIHON KOHDEN","329501 / TEC-5631","6762","MONITOREO","Operativo","",""
"475","475","Carro de paro completo ADULTO","MALVESTIO / NIHON KOHDEN","329501 / TEC-5631","6763","MONITOREO","Operativo","",""
"476","476","Carro de paro completo NEO","MALVESTIO / NIHON KOHDEN","329501 / TEC-5631","6733","MONITOREO","Operativo","",""
"477","477","Carro de paro completo NEO","MALVESTIO / NIHON KOHDEN","329501 / TEC-5631","6746","MONITOREO","Operativo","",""
"478","478","CARRO DE PROCEDIMIENTOS","MALVESTIO","329604","3294","CARROS","Operativo","",""
"479","479","CARRO DE PROCEDIMIENTOS","MALVESTIO","329604","3295","CARROS","Operativo","",""
"480","480","CARRO DE PROCEDIMIENTOS","MALVESTIO","329604","3298","CARROS","Operativo","",""
"481","481","CARRO DE PROCEDIMIENTOS","MALVESTIO","329604","3299","CARROS","Operativo","",""
"482","482","CARRO DE PROCEDIMIENTOS","MALVESTIO","329604","3300","CARROS","Operativo","",""
"483","483","CARRO DE PROCEDIMIENTOS","MALVESTIO","329604","3301","CARROS","Operativo","",""
"484","484","CARRO DE PROCEDIMIENTOS","MALVESTIO","329604","3302","CARROS","Operativo","",""
"485","485","CARRO DE PROCEDIMIENTOS","MALVESTIO","329604","3303","CARROS","Operativo","",""
"486","486","CARRO DE PROCEDIMIENTOS","MALVESTIO","329604","3304","CARROS","Operativo","",""
"487","487","CARRO DE PROCEDIMIENTOS","MALVESTIO","329604","3305","CARROS","Operativo","",""
"488","488","CARRO DE PROCEDIMIENTOS","MALVESTIO","329604","3306","CARROS","Operativo","",""
"489","489","CARRO DE PROCEDIMIENTOS","MALVESTIO","329604","3308","CARROS","Operativo","",""
"490","490","CARRO DE PROCEDIMIENTOS","MALVESTIO","329604","3309","CARROS","Operativo","",""
"491","491","CARRO DE PROCEDIMIENTOS","MALVESTIO","329604","3310","CARROS","Operativo","",""
"492","492","CARRO DE PROCEDIMIENTOS","MALVESTIO","329604","3311","CARROS","Operativo","",""
"493","493","CARRO DE PROCEDIMIENTOS","MALVESTIO","329604","3312","CARROS","Operativo","",""
"494","494","CARRO DE PROCEDIMIENTOS","MALVESTIO","329604","3313","CARROS","Operativo","",""
"495","495","CARRO DE PROCEDIMIENTOS","MALVESTIO","329604","3314","CARROS","Operativo","",""
"496","496","CARRO DE PROCEDIMIENTOS","MALVESTIO","329604","3315","CARROS","Operativo","",""
"497","497","CARRO DE PROCEDIMIENTOS","MALVESTIO","329604","3316","CARROS","Operativo","",""
"498","498","CARRO DE PROCEDIMIENTOS","MALVESTIO","329604","3317","CARROS","Operativo","",""
"499","499","CARRO DE PROCEDIMIENTOS","MALVESTIO","329604","3318","CARROS","Operativo","",""
"500","500","CARRO DE PROCEDIMIENTOS","MALVESTIO","329604","3319","CARROS","Operativo","",""
"501","501","CARRO DE PROCEDIMIENTOS","MALVESTIO","329604","3320","CARROS","Operativo","",""
"502","502","CARRO DE PROCEDIMIENTOS","MALVESTIO","329604","3321","CARROS","Operativo","",""
"503","503","CARRO DE PROCEDIMIENTOS","MALVESTIO","329604","3322","CARROS","Operativo","",""
"504","504","CARRO DE PROCEDIMIENTOS","MALVESTIO","329604","3323","CARROS","Operativo","",""
"505","505","CARRO DE PROCEDIMIENTOS","MALVESTIO","329604","3324","CARROS","Operativo","",""
"506","506","CARRO DE PROCEDIMIENTOS","MALVESTIO","329604","3325","CARROS","Operativo","",""
"507","507","CARRO DE PROCEDIMIENTOS","MALVESTIO","329604","3326","CARROS","Operativo","",""
"508","508","CARRO DE PROCEDIMIENTOS","MALVESTIO","329604","3327","CARROS","Operativo","",""
"509","509","CARRO DE PROCEDIMIENTOS","MALVESTIO","329604","3328","CARROS","Operativo","",""
"510","510","CARRO DE PROCEDIMIENTOS","MALVESTIO","329604","3329","CARROS","Operativo","",""
"511","511","CARRO DE PROCEDIMIENTOS","MALVESTIO","329604","3330","CARROS","Operativo","",""
"512","512","CARRO DE PROCEDIMIENTOS","MALVESTIO","329604","3331","CARROS","Operativo","",""
"513","513","CARRO DE PROCEDIMIENTOS","MALVESTIO","329604","3333","CARROS","Operativo","",""
"514","514","CARRO DE PROCEDIMIENTOS","MALVESTIO","329604","3334","CARROS","Operativo","",""
"515","515","CARRO DE PROCEDIMIENTOS","MALVESTIO","329604","3335","CARROS","Operativo","",""
"516","516","CARRO DE PROCEDIMIENTOS","MALVESTIO","329604","3336","CARROS","Operativo","",""
"517","517","CARRO DE PROCEDIMIENTOS","MALVESTIO","329604","3337","CARROS","Operativo","",""
"518","518","CARRO DE PROCEDIMIENTOS","MALVESTIO","329604","3338","CARROS","Operativo","",""
"519","519","CARRO DE PROCEDIMIENTOS","MALVESTIO","329604","3339","CARROS","Operativo","",""
"520","520","CARRO DE PROCEDIMIENTOS","MALVESTIO","329604","3340","CARROS","Operativo","",""
"521","521","CARRO DE PROCEDIMIENTOS","MALVESTIO","329604","3341","CARROS","Operativo","",""
"522","522","CARRO DE PROCEDIMIENTOS","MALVESTIO","329604","3342","CARROS","Operativo","",""
"523","523","CARRO DE PROCEDIMIENTOS","MALVESTIO","329604","3343","CARROS","Operativo","",""
"524","524","CARRO DE PROCEDIMIENTOS","MALVESTIO","329604","3344","CARROS","Operativo","",""
"525","525","CARRO DE PROCEDIMIENTOS","MALVESTIO","329604","3345","CARROS","Operativo","",""
"526","526","CARRO DE PROCEDIMIENTOS","MALVESTIO","329604","3346","CARROS","Operativo","",""
"527","527","CARRO DE PROCEDIMIENTOS","MALVESTIO","329604","3347","CARROS","Operativo","",""
"528","528","CARRO DE PROCEDIMIENTOS","MALVESTIO","329604","3348","CARROS","Operativo","",""
"529","529","CARRO DE PROCEDIMIENTOS","MALVESTIO","329604","3349","CARROS","Operativo","",""
"530","530","CARRO DE PROCEDIMIENTOS","MALVESTIO","329604","3350","CARROS","Operativo","",""
"531","531","CARRO DE PROCEDIMIENTOS","MALVESTIO","329604","3351","CARROS","Operativo","",""
"532","532","CARRO DE PROCEDIMIENTOS","MALVESTIO","329604","3352","CARROS","Operativo","",""
"533","533","CARRO DE PROCEDIMIENTOS","MALVESTIO","329604","3353","CARROS","Operativo","",""
"534","534","CARRO DE PROCEDIMIENTOS","MALVESTIO","329604","3354","CARROS","Operativo","",""
"535","535","CARRO DE PROCEDIMIENTOS","MALVESTIO","329604","3355","CARROS","Operativo","",""
"536","536","CARRO DE PROCEDIMIENTOS","MALVESTIO","329604","3356","CARROS","Operativo","",""
"537","537","CARRO DE PROCEDIMIENTOS","MALVESTIO","329604","3357","CARROS","Operativo","",""
"538","538","CARRO DE PROCEDIMIENTOS","MALVESTIO","329604","3358","CARROS","Operativo","",""
"539","539","CARRO DE PROCEDIMIENTOS","MALVESTIO","329604","3359","CARROS","Operativo","",""
"540","540","Carro de transporte de Material Estéril","MALVESTIO","329726","7747","CARROS","Operativo","",""
"541","541","Carro de transporte de Material Estéril","MALVESTIO","329726","7757","CARROS","Operativo","",""
"542","542","Carro de transporte de Material Estéril","MALVESTIO","329726","7775","CARROS","Operativo","",""
"543","543","Carro de transporte de Material Estéril","MALVESTIO","329726","7761","CARROS","Operativo","",""
"544","544","Carro de transporte de Material Estéril","MALVESTIO","329726","7783","CARROS","Operativo","",""
"545","545","Carro de transporte de Material Estéril","MALVESTIO","329726","7768","CARROS","Operativo","",""
"546","546","Carro de transporte de Material Estéril","MALVESTIO","329726","7742","CARROS","Operativo","",""
"547","547","Carro de transporte de Material Estéril","MALVESTIO","329726","7756","CARROS","Operativo","",""
"548","548","Carro de transporte de Material Estéril","MALVESTIO","329726","7784","CARROS","Operativo","",""
"549","549","Carro de transporte de Material Estéril","MALVESTIO","329726","7746","CARROS","Operativo","",""
"550","550","Carro de transporte de Material Estéril","MALVESTIO","329726","7772","CARROS","Operativo","",""
"551","551","Carro de transporte de Material Estéril","MALVESTIO","329726","7764","CARROS","Operativo","",""
"552","552","Carro de transporte de Material Estéril","MALVESTIO","329726","7776","CARROS","Operativo","",""
"553","553","Carro de transporte de Material Estéril","MALVESTIO","329726","7782","CARROS","Operativo","",""
"554","554","Carro de transporte de Material Estéril","MALVESTIO","329726","7781","CARROS","Operativo","",""
"555","555","Carro de transporte de Material Estéril","MALVESTIO","329726","7758","CARROS","Operativo","",""
"556","556","Carro de transporte de Material Estéril","MALVESTIO","329726","7780","CARROS","Operativo","",""
"557","557","Carro de transporte de Material Estéril","MALVESTIO","329726","7769","CARROS","Operativo","",""
"558","558","Carro de transporte de Material Estéril","MALVESTIO","329726","7785","CARROS","Operativo","",""
"559","559","Carro de Transporte de Material Sucio","MALVESTIO","329726","7734","CARROS","Operativo","",""
"560","560","Carro de Transporte de Material Sucio","MALVESTIO","329726","7733","CARROS","Operativo","",""
"561","561","Carro de Transporte de Material Sucio","MALVESTIO","329726","7735","CARROS","Operativo","",""
"562","562","Carro de Transporte de Material Sucio","MALVESTIO","329726","7736","CARROS","Operativo","",""
"563","563","Carro de Transporte de Material Sucio","MALVESTIO","329726","7738","CARROS","Operativo","",""
"564","564","Carro de Transporte de Material Sucio","MALVESTIO","329726","7737","CARROS","Operativo","",""
"565","565","Carro de Transporte Ropa limpia","MALVESTIO","329726","S/N","CARROS","Operativo","",""
"566","566","Carro de Transporte Ropa limpia","MALVESTIO","329726","S/N","CARROS","Operativo","",""
"567","567","Carro de Transporte Ropa limpia","MALVESTIO","329726","S/N","CARROS","Operativo","",""
"568","568","Carro de Transporte Ropa limpia","MALVESTIO","329726","7739/7768","CARROS","Operativo","",""
"569","569","Carro de Transporte Ropa limpia","MALVESTIO","329726","S/N","CARROS","Operativo","",""
"570","570","Carro de Transporte Ropa limpia","MALVESTIO","329726","7774","CARROS","Operativo","",""
"571","571","Carro de Transporte Ropa limpia","MALVESTIO","329726","7746, 7758","CARROS","Operativo","",""
"572","572","Carro de Transporte Ropa limpia","MALVESTIO","329726","7742","CARROS","Operativo","",""
"573","573","Carro de Transporte Ropa limpia","MALVESTIO","329726","7776","CARROS","Operativo","",""
"574","574","Carro de Transporte Ropa limpia","MALVESTIO","329726","7764","CARROS","Operativo","",""
"575","575","Carro de Transporte Ropa limpia","MALVESTIO","329726","7784","CARROS","Operativo","",""
"576","576","Carro de Transporte Ropa limpia","MALVESTIO","329726","7772","CARROS","Operativo","",""
"577","577","Carro de Transporte Ropa limpia","MALVESTIO","329726","S/N","CARROS","Operativo","",""
"578","578","Carro de Transporte Ropa limpia","MALVESTIO","329726","7769","CARROS","Operativo","",""
"579","579","Carro de Transporte Ropa sucia","INOXSERVI","CARPS","S/N","CARROS","Operativo","",""
"580","580","Carro de Transporte Ropa sucia","INOXSERVI","CARPS","S/N","CARROS","Operativo","",""
"581","581","Carro de Transporte Ropa sucia","INOXSERVI","CARPS","S/N","CARROS","Operativo","",""
"582","582","Carro de Transporte Ropa sucia","INOXSERVI","CARPS","S/N","CARROS","Operativo","",""
"583","583","Carro de Transporte Ropa sucia","INOXSERVI","CARPS","S/N","CARROS","Operativo","",""
"584","584","Carro de Transporte Ropa sucia","INOXSERVI","CARPS","S/N","CARROS","Operativo","",""
"585","585","Carro de Transporte Ropa sucia","INOXSERVI","CARPS","S/N","CARROS","Operativo","",""
"586","586","Carro de Transporte Ropa sucia","INOXSERVI","CARPS","S/N","CARROS","Operativo","",""
"587","587","Carro de Transporte Ropa sucia","INOXSERVI","CARPS","S/N","CARROS","Operativo","",""
"588","588","Carro de Transporte Ropa sucia","INOXSERVI","CARPS","S/N","CARROS","Operativo","",""
"589","589","Carro de Transporte Ropa sucia","INOXSERVI","CARPS","S/N","CARROS","Operativo","",""
"590","590","Carro de Transporte Ropa sucia","INOXSERVI","CARPS","S/N","CARROS","Operativo","",""
"591","591","Carro de Transporte Ropa sucia","INOXSERVI","CARPS","S/N","CARROS","Operativo","",""
"592","592","Carro de Transporte Ropa sucia","INOXSERVI","CARPS","S/N","CARROS","Operativo","",""
"593","593","Carro de Transporte Ropa sucia","INOXSERVI","CARPS","S/N","CARROS","Operativo","",""
"594","594","Carro de Transporte Ropa sucia","INOXSERVI","CARPS","S/N","CARROS","Operativo","",""
"595","595","Carro de Transporte Ropa sucia","INOXSERVI","CARPS","S/N","CARROS","Operativo","",""
"596","596","Carro de Transporte Ropa sucia","INOXSERVI","CARPS","S/N","CARROS","Operativo","",""
"597","597","Carro de Transporte Ropa sucia","INOXSERVI","CARPS","S/N","CARROS","Operativo","",""
"598","598","Carro de Traslado muestras","FRANCEHOPITAL","PI-NERO","S/N","CARROS","Operativo","",""
"599","599","Carro de vía aérea dificil","","","S/N","CARROS","Operativo","",""
"600","600","Carro elevador de cadáveres","","","S/N","CARROS","Operativo","",""
"601","601","Carro Pabellonera","INOXSERVI","CAPB3","S/N","CARROS","Operativo","",""
"602","602","Carro Pabellonera","INOXSERVI","CAPB3","S/N","CARROS","Operativo","",""
"603","603","Carro Pabellonera","INOXSERVI","CAPB3","S/N","CARROS","Operativo","",""
"604","604","Carro Pabellonera","INOXSERVI","CAPB3","S/N","CARROS","Operativo","",""
"605","605","Carro Pabellonera","INOXSERVI","CAPB3","S/N","CARROS","Operativo","",""
"606","606","Carro Pabellonera","INOXSERVI","CAPB3","S/N","CARROS","Operativo","",""
"607","607","Carro para Yeso","FRANCEHOPITAL","GS6-S04","S/N","CARROS","Operativo","",""
"608","608","Carro para Yeso","FRANCEHOPITAL","GS6-S04","S/N","CARROS","Operativo","",""
"609","609","Carro para Yeso","FRANCEHOPITAL","GS6-S04","S/N","CARROS","Operativo","",""
"610","610","Carro transporte de endoscopios","INOXSERVI","CAREND","S/N","CARROS","Operativo","",""
"611","611","Carro Transporte de insumos","BAILIDA","MX-FC-2800","S/N","CARROS","Operativo","",""
"612","612","Carro Transporte de insumos","BAILIDA","MX-FC-2800","S/N","CARROS","Operativo","",""
"613","613","Carro Transporte de mamaderas","INOXSERVI","CAM2M","S/N","CARROS","Operativo","",""
"614","614","Carro transporte insumos y Medicamentos","BAILIDA","MX-34PRO","S/N","CARROS","Operativo","",""
"615","615","Carro transporte insumos y Medicamentos","BAILIDA","MX-34PRO","S/N","CARROS","Operativo","",""
"616","616","Carro transporte Insumos y Medicamentos tipo I","FRANCE HOPITAL","MOSYS UC30406","S/N","CARROS","Operativo","",""
"617","617","Carro transporte Insumos y Medicamentos tipo II","FRANCE HOPITAL","CCM","S/N","CARROS","Operativo","",""
"618","618","Carro transporte insumos y Medicamentos tipo II","FRANCE HOPITAL","CCM","S/N","CARROS","Operativo","",""
"619","619","Carro transporte insumos y Medicamentos tipo II","FRANCE HOPITAL","CCM","S/N","CARROS","Operativo","",""
"620","620","Carro transporte insumos y Medicamentos tipo III","FRANCE HOPITAL","STD4","S/N","CARROS","Operativo","",""
"621","621","Carro transporte insumos y Medicamentos tipo III","FRANCE HOPITAL","STD4","S/N","CARROS","Operativo","",""
"622","622","Carro transporte insumos y Medicamentos tipo IV","PTM","CTIM","S/N","CARROS","Operativo","",""
"623","623","Carro transporte insumos y Medicamentos tipo V (Tipo Yegua)","IGREEN","CY-453","S/N","CARROS","Operativo","",""
"624","624","Carro transporte insumos y Medicamentos tipo V (Tipo Yegua)","IGREEN","CY-453","S/N","CARROS","Operativo","",""
"625","625","Carro Utilitario","HECAI","EME-LS-900B1","S/N","CARROS","Operativo","",""
"626","626","Carro Utilitario","HECAI","EME-LS-900B1","S/N","CARROS","Operativo","",""
"627","627","Carro Utilitario","HECAI","EME-LS-900B1","S/N","CARROS","Operativo","",""
"628","628","Carro Utilitario","HECAI","EME-LS-900B1","S/N","CARROS","Operativo","",""
"629","629","Carro Utilitario","HECAI","EME-LS-900B1","S/N","CARROS","Operativo","",""
"630","630","Carro Utilitario","HECAI","EME-LS-900B1","S/N","CARROS","Operativo","",""
"631","631","Carrusel Horizontal (9,830 x 1,727 mts app)","ET SYSTEMS","Hocapick T622/26","6002436A","CARROS","Operativo","",""
"632","632","Cartabón pediátrico","SECA","SECA 417","1,00E+13","MEDICIONES","Operativo","",""
"633","633","Cartabón pediátrico","SECA","SECA 417","1,00E+13","MEDICIONES","Operativo","",""
"634","634","Cascos Helmet Oxigenación de Pacientes","","","S/N","VENTILACION","Operativo","",""
"635","635","Catre Quirúrgico Eléctrico","MALVESTIO","3725 - 3725B","2009758","TRASLADORAS","Operativo","",""
"636","636","Catre Quirúrgico Eléctrico","MALVESTIO","3725 - 3725B","20098059","TRASLADORAS","Operativo","",""
"637","637","Catre Quirúrgico Eléctrico","MALVESTIO","3725 - 3725B","20098275","TRASLADORAS","Operativo","",""
"638","638","Catre Quirúrgico Eléctrico","MALVESTIO","3725 - 3725B","2009762","TRASLADORAS","Operativo","",""
"639","639","Catre Quirúrgico Eléctrico","MALVESTIO","3725 - 3725B","20098038","TRASLADORAS","Operativo","",""
"640","640","Catre Quirúrgico Eléctrico","MALVESTIO","3725 - 3725B","20098422","TRASLADORAS","Operativo","",""
"641","641","Catre Quirúrgico Eléctrico","MALVESTIO","3725 - 3725B","20098041","TRASLADORAS","Operativo","",""
"642","642","Catre Quirúrgico Eléctrico","MALVESTIO","3725 - 3725B","20098057","TRASLADORAS","Operativo","",""
"643","643","Catre Quirúrgico Eléctrico","MALVESTIO","3725 - 3725B","20098063","TRASLADORAS","Operativo","",""
"644","644","Catre Quirúrgico Eléctrico","MALVESTIO","3725 - 3725B","20098180","TRASLADORAS","Operativo","",""
"645","645","Catre Quirúrgico Eléctrico","MALVESTIO","3725 - 3725B","2009763","TRASLADORAS","Operativo","",""
"646","646","Catre Quirúrgico Eléctrico","MALVESTIO","3725 - 3725B","20098428","TRASLADORAS","Operativo","",""
"647","647","Catre Quirúrgico Eléctrico","MALVESTIO","3725 - 3725B","20098429","TRASLADORAS","Operativo","",""
"648","648","Catre Quirúrgico Eléctrico","MALVESTIO","3725 - 3725B","20098206","TRASLADORAS","Operativo","",""
"649","649","Catre Quirúrgico Eléctrico","MALVESTIO","3725 - 3725B","20098425","TRASLADORAS","Operativo","",""
"650","650","Catre Quirúrgico Eléctrico","MALVESTIO","3725 - 3725B","20098279","TRASLADORAS","Operativo","",""
"651","651","Catre Quirúrgico Eléctrico","MALVESTIO","3725 - 3725B","20098179","TRASLADORAS","Operativo","",""
"652","652","Catre Quirúrgico Eléctrico","MALVESTIO","3725 - 3725B","2009759","TRASLADORAS","Operativo","",""
"653","653","Catre Quirúrgico Eléctrico","MALVESTIO","3725 - 3725B","20098274","TRASLADORAS","Operativo","",""
"654","654","Catre Quirúrgico Eléctrico","MALVESTIO","3725 - 3725B","20098427","TRASLADORAS","Operativo","",""
"655","655","Catre Quirúrgico Eléctrico","MALVESTIO","3725 - 3725B","20098292","TRASLADORAS","Operativo","",""
"656","656","Catre Quirúrgico Eléctrico","MALVESTIO","3725 - 3725B","20098207","TRASLADORAS","Operativo","",""
"657","657","Catre Quirúrgico Eléctrico","MALVESTIO","3725 - 3725B","20098195","TRASLADORAS","Operativo","",""
"658","658","Catre Quirúrgico Eléctrico","MALVESTIO","3725 - 3725B","2009777","TRASLADORAS","Operativo","",""
"659","659","Catre Quirúrgico Eléctrico","MALVESTIO","3725 - 3725B","2009776","TRASLADORAS","Operativo","",""
"660","660","Catre Quirúrgico Eléctrico","MALVESTIO","3725 - 3725B","20098191","TRASLADORAS","Operativo","",""
"661","661","Catre Quirúrgico Eléctrico","MALVESTIO","3725 - 3725B","2009779","TRASLADORAS","Operativo","",""
"662","662","Catre Quirúrgico Eléctrico","MALVESTIO","3725 - 3725B","2009772","TRASLADORAS","Operativo","",""
"663","663","Catre Quirúrgico Eléctrico","MALVESTIO","3725 - 3725B","20098284","TRASLADORAS","Operativo","",""
"664","664","Catre Quirúrgico Eléctrico","MALVESTIO","3725 - 3725B","20098302","TRASLADORAS","Operativo","",""
"665","665","Catre Quirúrgico Eléctrico","MALVESTIO","3725 - 3725B","20098054","TRASLADORAS","Operativo","",""
"666","666","Catre Quirúrgico Eléctrico","MALVESTIO","3725 - 3725B","20098401","TRASLADORAS","Operativo","",""
"667","667","Catre Quirúrgico Eléctrico","MALVESTIO","3725 - 3725B","20098400","TRASLADORAS","Operativo","",""
"668","668","Catre Quirúrgico Eléctrico","MALVESTIO","3725 - 3725B","20098183","TRASLADORAS","Operativo","",""
"669","669","Catre Quirúrgico Eléctrico","MALVESTIO","3725 - 3725B","20098053","TRASLADORAS","Operativo","",""
"670","670","Catre Quirúrgico Eléctrico","MALVESTIO","3725 - 3725B","20098283","TRASLADORAS","Operativo","",""
"671","671","Catre Quirúrgico Eléctrico","MALVESTIO","3725 - 3725B","2009773","TRASLADORAS","Operativo","",""
"672","672","Catre Quirúrgico Eléctrico","MALVESTIO","3725 - 3725B","20098185","TRASLADORAS","Operativo","",""
"673","673","Catre Quirúrgico Eléctrico","MALVESTIO","3725 - 3725B","20098306","TRASLADORAS","Operativo","",""
"674","674","Catre Quirúrgico Eléctrico","MALVESTIO","3725 - 3725B","20098202","TRASLADORAS","Operativo","",""
"675","675","Catre Quirúrgico Eléctrico","MALVESTIO","3725 - 3725B","20098272","TRASLADORAS","Operativo","",""
"676","676","Catre Quirúrgico Eléctrico","MALVESTIO","3725 - 3725B","20098297","TRASLADORAS","Operativo","",""
"677","677","Catre Quirúrgico Eléctrico","MALVESTIO","3725 - 3725B","20098186","TRASLADORAS","Operativo","",""
"678","678","Catre Quirúrgico Eléctrico","MALVESTIO","3725 - 3725B","20098175","TRASLADORAS","Operativo","",""
"679","679","Catre Quirúrgico Eléctrico","MALVESTIO","3725 - 3725B","20098273","TRASLADORAS","Operativo","",""
"680","680","Catre Quirúrgico Eléctrico","MALVESTIO","3725 - 3725B","20098412","TRASLADORAS","Operativo","",""
"681","681","Catre Quirúrgico Eléctrico","MALVESTIO","3725 - 3725B","20098296","TRASLADORAS","Operativo","",""
"682","682","Catre Quirúrgico Eléctrico","MALVESTIO","3725 - 3725B","20098408","TRASLADORAS","Operativo","",""
"683","683","Catre Quirúrgico Eléctrico","MALVESTIO","3725 - 3725B","20098414","TRASLADORAS","Operativo","",""
"684","684","Catre Quirúrgico Eléctrico","MALVESTIO","3725 - 3725B","20098276","TRASLADORAS","Operativo","",""
"685","685","Catre Quirúrgico Eléctrico","MALVESTIO","3725 - 3725B","20098277","TRASLADORAS","Operativo","",""
"686","686","Catre Quirúrgico Eléctrico","MALVESTIO","3725 - 3725B","20098198","TRASLADORAS","Operativo","",""
"687","687","Catre Quirúrgico Eléctrico","MALVESTIO","3725 - 3725B","2009780","TRASLADORAS","Operativo","",""
"688","688","Catre Quirúrgico Eléctrico","MALVESTIO","3725 - 3725B","20098416","TRASLADORAS","Operativo","",""
"689","689","Catre Quirúrgico Eléctrico","MALVESTIO","3725 - 3725B","2009757","TRASLADORAS","Operativo","",""
"690","690","Catre Quirúrgico Eléctrico","MALVESTIO","3725 - 3725B","20098406","TRASLADORAS","Operativo","",""
"691","691","Catre Quirúrgico Eléctrico","MALVESTIO","3725 - 3725B","20098409","TRASLADORAS","Operativo","",""
"692","692","Catre Quirúrgico Eléctrico","MALVESTIO","3725 - 3725B","20098069","TRASLADORAS","Operativo","",""
"693","693","Catre Quirúrgico Eléctrico","MALVESTIO","3725 - 3725B","20098417","TRASLADORAS","Operativo","",""
"694","694","Catre Quirúrgico Eléctrico","MALVESTIO","3725 - 3725B","20098413","TRASLADORAS","Operativo","",""
"695","695","Catre Quirúrgico Eléctrico","MALVESTIO","3725 - 3725B","20098278","TRASLADORAS","Operativo","",""
"696","696","Catre Quirúrgico Eléctrico","MALVESTIO","3725 - 3725B","20098415","TRASLADORAS","Operativo","",""
"697","697","Catre Quirúrgico Eléctrico","MALVESTIO","3725 - 3725B","20098070","TRASLADORAS","Operativo","",""
"698","698","Catre Quirúrgico Eléctrico","MALVESTIO","3725 - 3725B","2009778","TRASLADORAS","Operativo","",""
"699","699","Catre Quirúrgico Eléctrico","MALVESTIO","3725 - 3725B","20098049","TRASLADORAS","Operativo","",""
"700","700","Catre Quirúrgico Eléctrico","MALVESTIO","3725 - 3725B","20098046","TRASLADORAS","Operativo","",""
"701","701","Catre Quirúrgico Eléctrico","MALVESTIO","3725 - 3725B","2009782","TRASLADORAS","Operativo","",""
"702","702","Catre Quirúrgico Eléctrico","MALVESTIO","3725 - 3725B","2009783","TRASLADORAS","Operativo","",""
"703","703","Catre Quirúrgico Eléctrico","MALVESTIO","3725 - 3725B","20098050","TRASLADORAS","Operativo","",""
"704","704","Catre Quirúrgico Eléctrico","MALVESTIO","3725 - 3725B","20098203","TRASLADORAS","Operativo","",""
"705","705","Catre Quirúrgico Eléctrico","MALVESTIO","3725 - 3725B","2009760","TRASLADORAS","Operativo","",""
"706","706","Catre Quirúrgico Eléctrico","MALVESTIO","3725 - 3725B","20098196","TRASLADORAS","Operativo","",""
"707","707","Catre Quirúrgico Eléctrico","MALVESTIO","3725 - 3725B","20098286","TRASLADORAS","Operativo","",""
"708","708","Catre Quirúrgico Eléctrico","MALVESTIO","3725 - 3725B","2009768","TRASLADORAS","Operativo","",""
"709","709","Catre Quirúrgico Eléctrico","MALVESTIO","3725 - 3725B","2009781","TRASLADORAS","Operativo","",""
"710","710","Catre Quirúrgico Eléctrico","MALVESTIO","3725 - 3725B","2009784","TRASLADORAS","Operativo","",""
"711","711","Catre Quirúrgico Eléctrico","MALVESTIO","3725 - 3725B","20098407","TRASLADORAS","Operativo","",""
"712","712","Catre Quirúrgico Eléctrico","MALVESTIO","3725 - 3725B","20098287","TRASLADORAS","Operativo","",""
"713","713","Catre Quirúrgico Eléctrico","MALVESTIO","3725 - 3725B","20098193","TRASLADORAS","Operativo","",""
"714","714","Catre Quirúrgico Eléctrico","MALVESTIO","3725 - 3725B","20098194","TRASLADORAS","Operativo","",""
"715","715","Catre Quirúrgico Eléctrico","MALVESTIO","3725 - 3725B","2009761","TRASLADORAS","Operativo","",""
"716","716","Catre Quirúrgico Eléctrico","MALVESTIO","3725 - 3725B","20098187","TRASLADORAS","Operativo","",""
"717","717","Catre Quirúrgico Eléctrico","MALVESTIO","3725 - 3725B","20098197","TRASLADORAS","Operativo","",""
"718","718","Catre Quirúrgico Eléctrico","MALVESTIO","3725 - 3725B","20098192","TRASLADORAS","Operativo","",""
"719","719","Catre Quirúrgico Eléctrico","MALVESTIO","3725 - 3725B","20098188","TRASLADORAS","Operativo","",""
"720","720","Catre Quirúrgico Eléctrico","MALVESTIO","3725 - 3725B","2009764","TRASLADORAS","Operativo","",""
"721","721","Catre Quirúrgico Eléctrico","MALVESTIO","3725 - 3725B","20098410","TRASLADORAS","Operativo","",""
"722","722","Catre Quirúrgico Eléctrico","MALVESTIO","3725 - 3725B","20098285","TRASLADORAS","Operativo","",""
"723","723","Catre Quirúrgico Eléctrico","MALVESTIO","3725 - 3725B","2009765","TRASLADORAS","Operativo","",""
"724","724","Catre Quirúrgico Eléctrico","MALVESTIO","3725 - 3725B","20098045","TRASLADORAS","Operativo","",""
"725","725","Catre Quirúrgico Eléctrico","MALVESTIO","3725 - 3725B","2009753","TRASLADORAS","Operativo","",""
"726","726","Catre Quirúrgico Eléctrico","MALVESTIO","3725 - 3725B","20098176","TRASLADORAS","Operativo","",""
"727","727","Catre Quirúrgico Eléctrico","MALVESTIO","3725 - 3725B","20098204","TRASLADORAS","Operativo","",""
"728","728","Catre Quirúrgico Eléctrico","MALVESTIO","3725 - 3725B","2009767","TRASLADORAS","Operativo","",""
"729","729","Catre Quirúrgico Eléctrico","MALVESTIO","3725 - 3725B","20098178","TRASLADORAS","Operativo","",""
"730","730","Catre Quirúrgico Eléctrico","MALVESTIO","3725 - 3725B","20098404","TRASLADORAS","Operativo","",""
"731","731","Catre Quirúrgico Eléctrico","MALVESTIO","3725 - 3725B","20098177","TRASLADORAS","Operativo","",""
"732","732","Catre Quirúrgico Eléctrico","MALVESTIO","3725 - 3725B","20098043","TRASLADORAS","Operativo","",""
"733","733","Catre Quirúrgico Eléctrico","MALVESTIO","3725 - 3725B","20098044","TRASLADORAS","Operativo","",""
"734","734","Catre Quirúrgico Eléctrico","MALVESTIO","3725 - 3725B","20098040","TRASLADORAS","Operativo","",""
"735","735","Catre Quirúrgico Eléctrico","MALVESTIO","3725 - 3725B","20098411","TRASLADORAS","Operativo","",""
"736","736","Catre Quirúrgico Eléctrico","MALVESTIO","3725 - 3725B","20098300","TRASLADORAS","Operativo","",""
"737","737","Catre Quirúrgico Eléctrico","MALVESTIO","3725 - 3725B","20098298","TRASLADORAS","Operativo","",""
"738","738","Catre Quirúrgico Eléctrico","MALVESTIO","3725 - 3725B","20098066","TRASLADORAS","Operativo","",""
"739","739","Catre Quirúrgico Eléctrico","MALVESTIO","3725 - 3725B","20098403","TRASLADORAS","Operativo","",""
"740","740","Catre Quirúrgico Eléctrico","MALVESTIO","3725 - 3725B","20098299","TRASLADORAS","Operativo","",""
"741","741","Catre Quirúrgico Eléctrico","MALVESTIO","3725 - 3725B","20098405","TRASLADORAS","Operativo","",""
"742","742","Catre Quirúrgico Eléctrico","MALVESTIO","3725 - 3725B","20098189","TRASLADORAS","Operativo","",""
"743","743","Catre Quirúrgico Eléctrico","MALVESTIO","3725 - 3725B","20098402","TRASLADORAS","Operativo","",""
"744","744","Catre Quirúrgico Eléctrico","MALVESTIO","3725 - 3725B","20098301","TRASLADORAS","Operativo","",""
"745","745","Catre Quirúrgico Eléctrico","MALVESTIO","3725 - 3725B","20098065","TRASLADORAS","Operativo","",""
"746","746","Catre Quirúrgico Eléctrico","MALVESTIO","3725 - 3725B","2009756","TRASLADORAS","Operativo","",""
"747","747","Catre Quirúrgico Eléctrico","MALVESTIO","3725 - 3725B","20098039","TRASLADORAS","Operativo","",""
"748","748","Catre Quirúrgico Eléctrico","MALVESTIO","3725 - 3725B","20098058","TRASLADORAS","Operativo","",""
"749","749","Catre Quirúrgico Eléctrico","MALVESTIO","3725 - 3725B","2009775","TRASLADORAS","Operativo","",""
"750","750","Catre Quirúrgico Eléctrico","MALVESTIO","3725 - 3725B","2009774","TRASLADORAS","Operativo","",""
"751","751","Catre Quirúrgico Eléctrico","MALVESTIO","3725 - 3725B","20098418","TRASLADORAS","Operativo","",""
"752","752","Catre Quirúrgico Eléctrico","MALVESTIO","3725 - 3725B","20098042","TRASLADORAS","Operativo","",""
"753","753","Catre Quirúrgico Eléctrico","MALVESTIO","3725 - 3725B","  20098423","TRASLADORAS","Operativo","",""
"754","754","Catre Quirúrgico Eléctrico","MALVESTIO","3725 - 3725B","20098303","TRASLADORAS","Operativo","",""
"755","755","Catre Quirúrgico Eléctrico","MALVESTIO","3725 - 3725B","  20098426","TRASLADORAS","Operativo","",""
"756","756","Catre Quirúrgico Eléctrico","MALVESTIO","3725 - 3725B","20098056","TRASLADORAS","Operativo","",""
"757","757","Catre Quirúrgico Eléctrico","MALVESTIO","3725 - 3725B","  20098426","TRASLADORAS","Operativo","",""
"758","758","Catre Quirúrgico Eléctrico","MALVESTIO","3725 - 3725B","20098056","TRASLADORAS","Operativo","",""
"759","759","Catre Quirúrgico Eléctrico","MALVESTIO","3725 - 3725B","20098064","TRASLADORAS","Operativo","",""
"760","760","Catre Quirúrgico Eléctrico","MALVESTIO","3725 - 3725B","20098205","TRASLADORAS","Operativo","",""
"761","761","Catre Quirúrgico Eléctrico","MALVESTIO","3725 - 3725B","20098199","TRASLADORAS","Operativo","",""
"762","762","Catre Quirúrgico Eléctrico","MALVESTIO","3725 - 3725B","  20098419","TRASLADORAS","Operativo","",""
"763","763","Catre Quirúrgico Eléctrico","MALVESTIO","3725 - 3725B","  20098181","TRASLADORAS","Operativo","",""
"764","764","Catre Quirúrgico Eléctrico","MALVESTIO","3725 - 3725B","20098290","TRASLADORAS","Operativo","",""
"765","765","Catre Quirúrgico Eléctrico","MALVESTIO","3725 - 3725B","  2009771","TRASLADORAS","Operativo","",""
"766","766","Catre Quirúrgico Eléctrico","MALVESTIO","3725 - 3725B","  20098294","TRASLADORAS","Operativo","",""
"767","767","Catre Quirúrgico Eléctrico","MALVESTIO","3725 - 3725B","2009754","TRASLADORAS","Operativo","",""
"768","768","Catre Quirúrgico Eléctrico","MALVESTIO","3725 - 3725B","  20098047","TRASLADORAS","Operativo","",""
"769","769","Catre Quirúrgico Eléctrico","MALVESTIO","3725 - 3725B","  20098182","TRASLADORAS","Operativo","",""
"770","770","Catre Quirúrgico Eléctrico","MALVESTIO","3725 - 3725B","20098061","TRASLADORAS","Operativo","",""
"771","771","Catre Quirúrgico Eléctrico","MALVESTIO","3725 - 3725B","  20098200","TRASLADORAS","Operativo","",""
"772","772","Catre Quirúrgico Eléctrico","MALVESTIO","3725 - 3725B","  20098295","TRASLADORAS","Operativo","",""
"773","773","Catre Quirúrgico Eléctrico","MALVESTIO","3725 - 3725B","2009770","TRASLADORAS","Operativo","",""
"774","774","Catre Quirúrgico Eléctrico","MALVESTIO","3725 - 3725B","  20098051","TRASLADORAS","Operativo","",""
"775","775","Catre Quirúrgico Eléctrico","MALVESTIO","3725 - 3725B","20098420","TRASLADORAS","Operativo","",""
"776","776","Catre Quirúrgico Eléctrico","MALVESTIO","3725 - 3725B","20098052","TRASLADORAS","Operativo","",""
"777","777","Catre Quirúrgico Eléctrico","MALVESTIO","3725 - 3725B","20098184","TRASLADORAS","Operativo","",""
"778","778","Catre Quirúrgico Eléctrico","MALVESTIO","3725 - 3725B","20098280","TRASLADORAS","Operativo","",""
"779","779","Catre Quirúrgico Eléctrico","MALVESTIO","3725 - 3725B","20098282","TRASLADORAS","Operativo","",""
"780","780","Catre Quirúrgico Eléctrico","MALVESTIO","3725 - 3725B","20098281","TRASLADORAS","Operativo","",""
"781","781","Catre Quirúrgico Eléctrico","MALVESTIO","3725 - 3725B","20098421","TRASLADORAS","Operativo","",""
"782","782","Catre Quirúrgico Eléctrico","MALVESTIO","3725 - 3725B","2009766","TRASLADORAS","Operativo","",""
"783","783","Catre Quirúrgico Eléctrico","MALVESTIO","3725 - 3725B","20098291","TRASLADORAS","Operativo","",""
"784","784","Catre Quirúrgico Eléctrico","MALVESTIO","3725 - 3725B","20098293","TRASLADORAS","Operativo","",""
"785","785","Catre Quirúrgico Eléctrico","MALVESTIO","3725 - 3725B","20098201","TRASLADORAS","Operativo","",""
"786","786","Catre Quirúrgico Eléctrico","MALVESTIO","3725 - 3725B","20098067","TRASLADORAS","Operativo","",""
"787","787","Catre Quirúrgico Eléctrico","MALVESTIO","3725 - 3725B","20098190","TRASLADORAS","Operativo","",""
"788","788","Catre Quirúrgico Eléctrico","MALVESTIO","3725 - 3725B","20098424","TRASLADORAS","Operativo","",""
"789","789","Catre Quirúrgico Eléctrico","MALVESTIO","3725 - 3725B","20098048","TRASLADORAS","Operativo","",""
"790","790","Catre Quirúrgico Eléctrico","MALVESTIO","3725 - 3725B","20098304","TRASLADORAS","Operativo","",""
"791","791","Catre Quirúrgico Eléctrico","MALVESTIO","3725 - 3725B","20098060","TRASLADORAS","Operativo","",""
"792","792","Catre Quirúrgico Eléctrico","MALVESTIO","3725 - 3725B","20098288","TRASLADORAS","Operativo","",""
"793","793","Catre Quirúrgico Eléctrico","MALVESTIO","3725 - 3725B","2009755","TRASLADORAS","Operativo","",""
"794","794","Catre Quirúrgico Eléctrico","MALVESTIO","3725 - 3725B","20098289","TRASLADORAS","Operativo","",""
"795","795","Catre Quirúrgico Eléctrico","MALVESTIO","3725 - 3725B","20098068","TRASLADORAS","Operativo","",""
"796","796","Catre Quirúrgico Eléctrico","MALVESTIO","3725 - 3725B","20098055","TRASLADORAS","Operativo","",""
"797","797","Catre Quirúrgico Eléctrico","MALVESTIO","3725 - 3725B","2009769","TRASLADORAS","Operativo","",""
"798","798","Catre Quirúrgico Eléctrico","MALVESTIO","3725 - 3725B","  2009752","TRASLADORAS","Operativo","",""
"799","799","Catre Quirúrgico Eléctrico","MALVESTIO","3725 - 3725B","  20098062","TRASLADORAS","Operativo","",""
"800","800","Catre Quirúrgico Eléctrico","MALVESTIO","3725 - 3725B","  20098305","TRASLADORAS","Operativo","",""
"801","801","Catre Quirúrgico Eléctrico Bariátricos (UCI y UTI)","MALVESTIO","347400","20113363","TRASLADORAS","Operativo","",""
"802","802","Catre Quirúrgico Eléctrico Bariátricos (UCI y UTI)","MALVESTIO","347400","20113364","TRASLADORAS","Operativo","",""
"803","803","Catre Quirúrgico Eléctrico UCI","MALVESTIO","3725 - 3725B","20098395","TRASLADORAS","Operativo","",""
"804","804","Catre Quirúrgico Eléctrico UCI","MALVESTIO","3725 - 3725B","20098399","TRASLADORAS","Operativo","",""
"805","805","Catre Quirúrgico Eléctrico UCI","MALVESTIO","3725 - 3725B","20098397","TRASLADORAS","Operativo","",""
"806","806","Catre Quirúrgico Eléctrico UCI","MALVESTIO","3725 - 3725B","20098392","TRASLADORAS","Operativo","",""
"807","807","Catre Quirúrgico Eléctrico UCI","MALVESTIO","3725 - 3725B","20098398","TRASLADORAS","Operativo","",""
"808","808","Catre Quirúrgico Eléctrico UTI","MALVESTIO","3725 - 3725B","20098390","TRASLADORAS","Operativo","",""
"809","809","Catre Quirúrgico Eléctrico UTI","MALVESTIO","3725 - 3725B","20098389","TRASLADORAS","Operativo","",""
"810","810","Catre Quirúrgico Eléctrico UTI","MALVESTIO","3725 - 3725B","20098386","TRASLADORAS","Operativo","",""
"811","811","Catre Quirúrgico Eléctrico UTI","MALVESTIO","3725 - 3725B","20098396","TRASLADORAS","Operativo","",""
"812","812","Catre Quirúrgico Eléctrico UTI","MALVESTIO","3725 - 3725B","20098387","TRASLADORAS","Operativo","",""
"813","813","Catre Quirúrgico Eléctrico UTI","MALVESTIO","3725 - 3725B","20098385","TRASLADORAS","Operativo","",""
"814","814","Catre Quirúrgico Eléctrico UTI","MALVESTIO","3725 - 3725B","20098391","TRASLADORAS","Operativo","",""
"815","815","Catre Quirúrgico Eléctrico UTI","MALVESTIO","3725 - 3725B","20098394","TRASLADORAS","Operativo","",""
"816","816","Catre Quirúrgico Eléctrico UTI","MALVESTIO","3725 - 3725B","20098393","TRASLADORAS","Operativo","",""
"817","817","Catre Quirúrgico Eléctrico UTI","MALVESTIO","3725 - 3725B","20098388","TRASLADORAS","Operativo","",""
"818","818","Catre Quirúrgico Eléctrico UTI","MALVESTIO","3725 - 3725B","20098384","TRASLADORAS","Operativo","",""
"819","819","Central de Monitoreo (UCI Adulto)","PHILIPS","INTELLIVUE","S/N","MONITOREO","Operativo","",""
"820","820","Central de Monitoreo (UTI Adulto)","PHILIPS","INTELLIVUE","S/N","MONITOREO","Operativo","",""
"821","821","Central de monitoreo (UTI Ped)","PHILIPS","INTELLIVUE","S/N","MONITOREO","Operativo","",""
"822","822","Centrífuga Refrigerada","","","S/N","REFRIGERACION","Operativo","",""
"823","823","Centrífuga Refrigerada","HETTICH","ROTINA 380 R","S/N","REFRIGERACION","Operativo","",""
"824","824","Centrífuga Refrigerada (TBC)","HETTICH","ROTINA 380 R","6457","REFRIGERACION","Operativo","",""
"825","825","Centrífuga tarjetas inmunohematología","","","S/N","CENTRIFUGA","Operativo","",""
"826","826","Centrífuga Universal","ZERO","TD5B","B2304065LS","CENTRIFUGA","Operativo","",""
"827","827","Centrífuga Universal","MPW","352","10352127522","CENTRIFUGA","Operativo","",""
"828","828","Centrífuga Universal","","","10352127922","CENTRIFUGA","Operativo","",""
"829","829","Centrífuga Universal","MPW","352","10352144623","CENTRIFUGA","Operativo","",""
"830","830","Centrífuga Universal","MPW","352","10352144923","CENTRIFUGA","Operativo","",""
"831","831","Centrífuga Universal","","","10352145123","CENTRIFUGA","Operativo","",""
"832","832","Centro de Inclusión con placa fría","leica biosystems","ARCADIA H + ARCADIA C","9193","LABORATORIO","Operativo","","  Placa fría 10433
  UPS 900032111110807
  Pinza eléctrica 2426, 2480 y 2453.
  Lector de barra 9048605"
"833","833","Cicloergómetro para cama","MOTOMED","LAYSON.LA PROF. 261.139/ LAYSON KIDZ.LA 261.330/ LOOP.LA PROF. 260.039 /GRACILE12 594.003+599.000","S/N","GENERAL","Operativo","",""
"834","834","Cicloergómetro para silla adulto","MOTOMED","LAYSON.LA PROF. 261.139/ LAYSON KIDZ.LA 261.330/ LOOP.LA PROF. 260.039 /GRACILE12 594.003+599.000","S/N","GENERAL","Operativo","",""
"835","835","Cicloergómetro para silla pediátrico","MOTOMED","LAYSON.LA PROF. 261.139/ LAYSON KIDZ.LA 261.330/ LOOP.LA PROF. 260.039 /GRACILE12 594.003+599.000","S/N","GENERAL","Operativo","",""
"836","836","Citocentífuga","","","S/N","LABORATORIO","Operativo","",""
"837","837","Citófono","PHILCO","PR20","S/N","GENERAL","Operativo","",""
"838","838","Cocina domestica","MAQUISER","CG-4","S/N","GENERAL","Operativo","",""
"839","839","Colchón de Agua o Aire Termorregulado","Kanmed","BW3-001","789223","CALEFACCION","Operativo","",""
"840","840","Colchonetas de alta densidad Grandes","Plastimar","MK-400M","S/N","GENERAL","Operativo","",""
"841","841","Colchonetas de alta densidad Grandes","Plastimar","MK-400M","S/N","GENERAL","Operativo","",""
"842","842","Colchonetas de alta densidad Pequeñas","Plastimar","MK-400M","S/N","GENERAL","Operativo","",""
"843","843","Colchonetas de alta densidad Pequeñas","Plastimar","MK-400M","S/N","GENERAL","Operativo","",""
"844","844","Colchonetas de alta densidad Pequeñas","Plastimar","MK-400M","S/N","GENERAL","Operativo","",""
"845","845","Colchonetas de alta densidad Pequeñas","Plastimar","MK-400M","S/N","GENERAL","Operativo","",""
"846","846","Colposcopio","","","S/N","OPTICAS","Operativo","",""
"847","847","Colposcopio","","","S/N","OPTICAS","Operativo","",""
"848","848","Compresor neumático intermitente","COMEN","SCD600","C6231226203","PRESION","Operativo","",""
"849","849","Compresor neumático intermitente","COMEN","SCD600","C6231226205","PRESION","Operativo","",""
"850","850","Compresor neumático intermitente","COMEN","SCD600","C6231226206","PRESION","Operativo","",""
"851","851","Compresor neumático intermitente","COMEN","SCD600","C6231226201","PRESION","Operativo","",""
"852","852","Compresor neumático intermitente","COMEN","SCD600","C6231226208","PRESION","Operativo","",""
"853","853","Computador de registro","","","S/N","GENERAL","Operativo","",""
"854","854","Congelador Clínico Vertical -20°C","","","S/N","REFRIGERACION","Operativo","",""
"855","855","Congelador Clínico Vertical -80°C (Refrigeradores y Congeladores Laboratorio Clínico)","HAIER BIOMEDICAL","HYC-85GD","S/N","GENERAL","Operativo","",""
"856","856","Consola de Videojuegos para ejercicios","","","S/N","GENERAL","Operativo","",""
"857","857","Contador Hematológico Automático","","","S/N","GENERAL","Operativo","",""
"858","858","Contador Hematológico Automático","","","S/N","GENERAL","Operativo","",""
"859","859","Contador Hematológico Manual","","","S/N","GENERAL","Operativo","",""
"860","860","Contenedor de Nitrógeno","BRYMILL","DEWAR","NPB2023110700E","GENERAL","Operativo","","  APLICADOR 04241714TM"
"861","861","Contenedor de Nitrógeno","BRYMILL","DEWAR","NPB2023110724E","GENERAL","Operativo","","  APLICADOR 04241709TM"
"862","862","Cooler (Set de cooler)","M&G INTERNATIONAL","BIO101-BIO05PP-BIO103 COOLER MUESTRAS TV04VIP-TV06VIP COOLER VACUNAS","S/N","REFRIGERACION","Operativo","",""
"863","863","Cooler (Set de cooler)","M&G INTERNATIONAL","BIO101-BIO05PP-BIO103 COOLER MUESTRAS TV04VIP-TV06VIP COOLER VACUNAS","S/N","REFRIGERACION","Operativo","",""
"864","864","Cooler (Set de cooler)","M&G INTERNATIONAL","BIO101-BIO05PP-BIO103 COOLER MUESTRAS TV04VIP-TV06VIP COOLER VACUNAS","S/N","REFRIGERACION","Operativo","",""
"865","865","Cooler (Set de cooler)","M&G INTERNATIONAL","BIO101-BIO05PP-BIO103 COOLER MUESTRAS TV04VIP-TV06VIP COOLER VACUNAS","S/N","REFRIGERACION","Operativo","",""
"866","866","Cooler (Set de cooler)","M&G INTERNATIONAL","BIO101-BIO05PP-BIO103 COOLER MUESTRAS TV04VIP-TV06VIP COOLER VACUNAS","S/N","REFRIGERACION","Operativo","",""
"867","867","Cooler (Set de cooler)","M&G INTERNATIONAL","BIO101-BIO05PP-BIO103 COOLER MUESTRAS TV04VIP-TV06VIP COOLER VACUNAS","S/N","REFRIGERACION","Operativo","",""
"868","868","Cooler (Set de cooler)","M&G INTERNATIONAL","BIO101-BIO05PP-BIO103 COOLER MUESTRAS TV04VIP-TV06VIP COOLER VACUNAS","S/N","REFRIGERACION","Operativo","",""
"869","869","Cooler (Set de cooler)","M&G INTERNATIONAL","BIO101-BIO05PP-BIO103 COOLER MUESTRAS TV04VIP-TV06VIP COOLER VACUNAS","S/N","REFRIGERACION","Operativo","",""
"870","870","Cortador de gasa","","","S/N","REFRIGERACION","Operativo","",""
"871","871","Criostato","","","S/N","GENERAL","Operativo","",""
"872","872","Crioterapia","","","S/N","GENERAL","Operativo","",""
"873","873","CUNA DE PROCEDIMIENTO CON FOTOTERAPIA","ATOM MEDICAL","INFA WARMER I/BILLI THERAPY","616342300019","INCUBADORA","Operativo","",""
"874","874","CUNA DE PROCEDIMIENTO CON FOTOTERAPIA","ATOM MEDICAL","INFA WARMER I/BILLI THERAPY","616342300016","INCUBADORA","Operativo","",""
"875","875","CUNA DE PROCEDIMIENTOS","ATOM MEDICAL","INFA WARMER","616342300013","INCUBADORA","Operativo","",""
"876","876","CUNA DE PROCEDIMIENTOS","ATOM MEDICAL","INFA WARMER","616342300017","INCUBADORA","Operativo","",""
"877","877","CUNA DE PROCEDIMIENTOS","ATOM MEDICAL","INFA WARMER","616342300014","INCUBADORA","Operativo","",""
"878","878","CUNA DE PROCEDIMIENTOS","ATOM MEDICAL","INFA WARMER","616342300018","INCUBADORA","Operativo","",""
"879","879","CUNA DE PROCEDIMIENTOS","ATOM MEDICAL","INFA WARMER","616342300021","INCUBADORA","Operativo","",""
"880","880","CUNA DE PROCEDIMIENTOS","ATOM MEDICAL","INFA WARMER","616342300020","INCUBADORA","Operativo","",""
"881","881","CUNA DE PROCEDIMIENTOS","ATOM MEDICAL","INFA WARMER","616342300015","INCUBADORA","Operativo","",""
"882","882","Cuna lactante","LINET","TOM 2","S/N","INCUBADORA","Operativo","",""
"883","883","Cuna lactante","LINET","TOM 2","S/N","INCUBADORA","Operativo","",""
"884","884","Cuna lactante","LINET","TOM 2","S/N","INCUBADORA","Operativo","",""
"885","885","Cuna Recién Nacido","SAIKANG","X01-5 C/CAJON","S/N","INCUBADORA","Operativo","",""
"886","886","Cuna Recién Nacido","SAIKANG","X01-5 C/CAJON","S/N","INCUBADORA","Operativo","",""
"887","887","Cuna Recién Nacido","SAIKANG","X01-5 C/CAJON","S/N","INCUBADORA","Operativo","",""
"888","888","Cuna Recién Nacido","SAIKANG","X01-5 C/CAJON","S/N","INCUBADORA","Operativo","",""
"889","889","Cuna Recién Nacido","SAIKANG","X01-5 C/CAJON","S/N","INCUBADORA","Operativo","",""
"890","890","Cuna Recién Nacido","SAIKANG","X01-5 C/CAJON","S/N","INCUBADORA","Operativo","",""
"891","891","Cuna Recién Nacido","SAIKANG","X01-5 C/CAJON","S/N","INCUBADORA","Operativo","",""
"892","892","Cuna Recién Nacido","SAIKANG","X01-5 C/CAJON","S/N","INCUBADORA","Operativo","",""
"893","893","Cuna Recién Nacido","SAIKANG","X01-5 C/CAJON","S/N","INCUBADORA","Operativo","",""
"894","894","Cuna Recién Nacido","SAIKANG","X01-5 C/CAJON","S/N","INCUBADORA","Operativo","",""
"895","895","Cuna Recién Nacido","SAIKANG","X01-5 C/CAJON","S/N","INCUBADORA","Operativo","",""
"896","896","Cuna Recién Nacido","","","S/N","INCUBADORA","Operativo","",""
"897","897","Cuna Recién Nacido","SAIKANG","X01-5 C/CAJON","S/N","INCUBADORA","Operativo","",""
"898","898","Cuna Recién Nacido","SAIKANG","X01-5 C/CAJON","S/N","INCUBADORA","Operativo","",""
"899","899","DEA","Nihon Kohden","AED-3100","28293","MONITOREO","Operativo","",""
"900","900","DEA","Nihon Kohden","AED-3100","28273","MONITOREO","Operativo","",""
"901","901","DEA","Nihon Kohden","AED-3100","28283","MONITOREO","Operativo","",""
"902","902","DEA","Nihon Kohden","AED-3100","28236","MONITOREO","Operativo","",""
"903","903","DEA","Nihon Kohden","AED-3100","28272","MONITOREO","Operativo","",""
"904","904","DEA","Nihon Kohden","AED-3100","28230","MONITOREO","Operativo","",""
"905","905","DEA","Nihon Kohden","AED-3100","28228","MONITOREO","Operativo","",""
"906","906","DEA","Nihon Kohden","AED-3100","28257","MONITOREO","Operativo","",""
"907","907","DEA","","","S/N","MONITOREO","Operativo","",""
"908","908","DEA","Nihon Kohden","AED-3100","28232","MONITOREO","Operativo","",""
"909","909","DEA","Nihon Kohden","AED-3100","28252","MONITOREO","Operativo","",""
"910","910","DEA","Nihon Kohden","AED-3100","28254","MONITOREO","Operativo","",""
"911","911","DEA","Nihon Kohden","AED-3100","28235","MONITOREO","Operativo","",""
"912","912","DEA","Nihon Kohden","AED-3100","28297","MONITOREO","Operativo","",""
"913","913","DEA","Nihon Kohden","AED-3100","28295","MONITOREO","Operativo","",""
"914","914","DEA","Nihon Kohden","AED-3100","28291","MONITOREO","Operativo","",""
"915","915","DEA","Nihon Kohden","AED-3100","28245","MONITOREO","Operativo","",""
"916","916","DEA","Nihon Kohden","AED-3100","28251","MONITOREO","Operativo","",""
"917","917","DEA","Nihon Kohden","AED-3100","28296","MONITOREO","Operativo","",""
"918","918","DEA","Nihon Kohden","AED-3100","28288","MONITOREO","Operativo","",""
"919","919","DEA","Nihon Kohden","AED-3100","28234","MONITOREO","Operativo","",""
"920","920","DEA","","","S/N","MONITOREO","Operativo","",""
"921","921","DEA","","","S/N","MONITOREO","Operativo","",""
"922","922","DEA","","","S/N","MONITOREO","Operativo","",""
"923","923","DEA","Nihon Kohden","AED-3100","28287","MONITOREO","Operativo","",""
"924","924","DEA","Nihon Kohden","AED-3100","28286","MONITOREO","Operativo","",""
"925","925","DEA","Nihon Kohden","AED-3100","28264","MONITOREO","Operativo","",""
"926","926","DEA","Nihon Kohden","AED-3100","28262","MONITOREO","Operativo","",""
"927","927","DEA","Nihon Kohden","AED-3100","28278","MONITOREO","Operativo","",""
"928","928","DEA","Nihon Kohden","AED-3100","28279","MONITOREO","Operativo","",""
"929","929","DEA","Nihon Kohden","AED-3100","28269","MONITOREO","Operativo","",""
"930","930","DEA","Nihon Kohden","AED-3100","28282","MONITOREO","Operativo","",""
"931","931","DEA","Nihon Kohden","AED-3100","28276","MONITOREO","Operativo","",""
"932","932","DEA (con visor ECG)","ZOLL MEDICAL","AED 3","S/N","MONITOREO","Operativo","",""
"933","933","Densitómetro de McFarland","","","S/N","GENERAL","Operativo","",""
"934","934","Dermátomo","AYGUN","SYSTEM-1, SKIN GRAFT MESHER","278","GENERAL","Operativo","",""
"935","935","EXPANSOR","AYGUN","SYSTEM-1, SKIN GRAFT MESHER","243","GENERAL","Operativo","",""
"936","936","Desblisteadora","Opuspac","30GBC200","S/N","GENERAL","Operativo","",""
"937","937","Destartrador","","","S/N","GENERAL","Operativo","",""
"938","938","Destartrador","","","S/N","GENERAL","Operativo","",""
"939","939","Destartrador","","","S/N","GENERAL","Operativo","",""
"940","940","Destartrador","","","S/N","GENERAL","Operativo","",""
"941","941","Destartrador","","","S/N","GENERAL","Operativo","",""
"942","942","Destartrador","","","S/N","GENERAL","Operativo","",""
"943","943","Destilador de Agua","ELGA","PURELAB FLEX","FLB00016808","GENERAL","Operativo","",""
"944","944","Detector de Latidos Cardiofetales","Jumper","JPD-100ER","8926100E421057
","ECOGRAFO","Operativo","",""
"945","945","Detector de Latidos Cardiofetales","Jumper","JPD-100ER","8926100E420560","ECOGRAFO","Operativo","",""
"946","946","Detector de Latidos Cardiofetales","Jumper","JPD-100ER","8926100E420561","ECOGRAFO","Operativo","",""
"947","947","Detector de Latidos Cardiofetales","Jumper","JPD-100ER","8926100E421059","ECOGRAFO","Operativo","",""
"948","948","Detector de Latidos Cardiofetales","Jumper","JPD-100ER","8926100E421051","ECOGRAFO","Operativo","",""
"949","949","Detector de Latidos Cardiofetales","Jumper","JPD-100ER","8926100E421068","ECOGRAFO","Operativo","",""
"950","950","Detector de Latidos Cardiofetales","Jumper","JPD-100ER","8926100E421058","ECOGRAFO","Operativo","",""
"951","951","Detector de Latidos Cardiofetales","Jumper","JPD-100ER","8926100E421055","ECOGRAFO","Operativo","",""
"952","952","Detector de Latidos Cardiofetales","Jumper","JPD-100ER","8926100E421052","ECOGRAFO","Operativo","",""
"953","953","Detector de Latidos Cardiofetales","Jumper","JPD-100ER","8926100E421056","ECOGRAFO","Operativo","",""
"954","954","Detector de Latidos Cardiofetales","Jumper","JPD-100ER","8926100E421054","ECOGRAFO","Operativo","",""
"955","955","Detector de Latidos Cardiofetales","Jumper","JPD-100ER","8926100E421053","ECOGRAFO","Operativo","",""
"956","956","Detector de Latidos Cardiofetales","Jumper","JPD-100ER","8926100E421059","ECOGRAFO","Operativo","",""
"957","957","Detector de Latidos Cardiofetales","Jumper","JPD-100ER","8926100E421061","ECOGRAFO","Operativo","",""
"958","958","Detector de Latidos Cardiofetales","Jumper","JPD-100ER","8926100E420566","ECOGRAFO","Operativo","",""
"959","959","Detector de Latidos Cardiofetales","Jumper","JPD-100ER","8926100E421064","ECOGRAFO","Operativo","",""
"960","960","Detector de Latidos Cardiofetales","Jumper","JPD-100ER","8926100E421066","ECOGRAFO","Operativo","",""
"961","961","Dictáfono","NUANCE","DRAGON","S/N","GENERAL","Operativo","",""
"962","962","Dinamómetro","BASELINE","CLINIC MODEL","G07161100948","GENERAL","Operativo","",""
"963","963","Dinamómetro","BASELINE","CLINIC MODEL","G07161100839","GENERAL","Operativo","",""
"964","964","Dinamómetro","BASELINE","CLINIC MODEL","G07161100688","GENERAL","Operativo","",""
"965","965","Disco de freeman","Plastimar","MK-67","S/N","GENERAL","Operativo","",""
"966","966","Disco de freeman","Plastimar","MK-67","S/N","GENERAL","Operativo","",""
"967","967","Dispensador de 1 cuerpo","OMNICELL","XT","233814","GABINETE","Operativo","",""
"968","968","Dispensador de 1 cuerpo","OMNICELL","XT","233817","GABINETE","Operativo","",""
"969","969","Dispensador de 1 cuerpo","OMNICELL","XT","233812","GABINETE","Operativo","",""
"970","970","Dispensador de 1 cuerpo","OMNICELL","XT","233815","GABINETE","Operativo","",""
"971","971","Dispensador de 1 cuerpo","OMNICELL","XT","233819","GABINETE","Operativo","",""
"972","972","Dispensador de 1 cuerpo","OMNICELL","XT","233684","GABINETE","Operativo","",""
"973","973","Dispensador de 1 cuerpo","OMNICELL","XT","233755","GABINETE","Operativo","",""
"974","974","Dispensador de 2 cuerpos","OMNICELL","XT","233758","GABINETE","Operativo","",""
"975","975","Dispensador de 2 cuerpos","OMNICELL","XT","233759","GABINETE","Operativo","",""
"976","976","Dispensador de 2 cuerpos","OMNICELL","XT","233756","GABINETE","Operativo","",""
"977","977","Dispensador de 2 cuerpos","OMNICELL","XT","233760","GABINETE","Operativo","",""
"978","978","Dispensador de 2 cuerpos","OMNICELL","XT","233761","GABINETE","Operativo","",""
"979","979","Dispensador de 2 cuerpos","OMNICELL","XT","234063","GABINETE","Operativo","",""
"980","980","Dispensador de 2 cuerpos","OMNICELL","XT","233762","GABINETE","Operativo","",""
"981","981","Dispensador de 2 cuerpos","OMNICELL","XT","234062","GABINETE","Operativo","",""
"982","982","Dispensador de 2 cuerpos","OMNICELL","XT","233757","GABINETE","Operativo","",""
"983","983","Dispensador de 2 cuerpos","OMNICELL","XT","233679","GABINETE","Operativo","",""
"984","984","Dispensador de 2 cuerpos","OMNICELL","XT","233680","GABINETE","Operativo","",""
"985","985","Dispensador de 2 cuerpos","OMNICELL","XT","233681","GABINETE","Operativo","",""
"986","986","Dispensador de 3 cuerpos","OMNICELL","XT","233681","GABINETE","Operativo","",""
"987","987","Dispensador de 3 cuerpos","OMNICELL","XT","233680","GABINETE","Operativo","",""
"988","988","Dispensador de 3 cuerpos","OMNICELL","XT","233681","GABINETE","Operativo","",""
"989","989","Dispensador de insumos 2 cuerpo","","","S/N","GABINETE","Operativo","",""
"990","990","Dispensador de insumos 2 cuerpo","","","S/N","GABINETE","Operativo","",""
"991","991","Dispensador de medicamentos 1 cuerpo","","","S/N","GABINETE","Operativo","",""
"992","992","Dispensador de medicamentos 2 cuerpos","","","S/N","GABINETE","Operativo","",""
"993","993","Dispensador de papel grado médico","HAWO","HM RS","S/N","GABINETE","Operativo","",""
"994","994","Duplicadora con Robot e Impresora de CD/DVD Automática","CODONICS","Virtua C","Grabadora de CD DVD 92C00362C/101C00483C
","GENERAL","Operativo","","  PC all in one MP24TKQ3MPN5252500C
  3222HVLSM888C00517"
"995","995","Ecobiómetro","TOMEY","UD 800","366502","GENERAL","Operativo","",""
"996","996","Ecocardiógrafo general","","","S/N","GENERAL","Operativo","",""
"997","997","Ecocardiógrafo neonatología","","","S/N","GENERAL","Operativo","",""
"998","998","Ecografo Ginecoobstétrico alta complejidad","GENERAL ELECTRIC","VOLUSON E6","E202148","GENERAL","Operativo","",""
"999","999","Ecografo Ginecoobstétrico baja complejidad","GENERAL ELECTRIC","VERSANA PREMIER","6152566WX0","ECOGRAFO","Operativo","","  - N° Serie Transductor Convexo 4C-RS: 1356937WX1
  - N° Serie Transductor Lineal L6-12-RS: 1359225WX8
  - N° Serie Transductor Endocavitario E8CS-RS: 1181210WX4
  - N° Serie UPS: 9S2351A00345
  - N° Serie Impresora Epson Ecotank L5590: XBBX028107
  - N° Serie Lector y Grabador de DVD-RW externo: N6D0NT005293"
"1000","1000","Ecografo Ginecoobstétrico baja complejidad","GENERAL ELECTRIC","VERSANA PREMIER"," 6152568WX0
","ECOGRAFO","Operativo","","  - N° Serie Transductor Convexo 4C-RS: 1357032WX0
  - N° Serie Transductor Lineal L6-12-RS: 1359214WX2
  - N° Serie Transductor Endocavitario E8CS-RS: 1178647WX2
  - N° Serie UPS: 9S2351A00396
  - N° Serie Impresora Epson Ecotank L5590: XBBX050375
  - N° Serie Lector y Grabador de DVD-RW externo: N6D0NT005295"
"1001","1001","Ecografo baja complejidad","GENERAL ELECTRIC","VERSANA PREMIER","6152569WX0
","ECOGRAFO","Operativo","","  - N° Serie Transductor Convexo 4C-RS: 1356994WX2
  - N° Serie Transductor Lineal L6-12-RS: 1359231WX6
  - N° Serie Transductor Endocavitario E8CS-RS: 1181181WX7
  - N° Serie UPS: 9S2351A00397
  - N° Serie Impresora Epson Ecotank L5590: XBBX050499
  - N° Serie Lector y Grabador de DVD-RW externo: N6D0NT00537"
"1002","1002","Ecografo imagen general","SAMSUNG","HS40","S3C1M3HX300002P
","ECOGRAFO","Operativo","","  N° Serie Transductor Convexo CA2-8AD: K0TKM3GT200124L
  N° Sere Transductor Lineal LA3-16AD: K0SDM3GX300050Y
  N° Serie Transductor Endocavitario EVN4-9: K0ZJM3GW700240Z
  N° Serie Footswitch: 2411020
  N° Serie Grabador y Lector CD/DVD: 3YGX
  N° Serie Impresora Láser: U63883A4N484057"
"1003","1003","Ecografo Pabellón","SAMSUNG","HS40","S3C1M3HX300006N
","ECOGRAFO","Operativo","","  N° Serie Transductor Convexo CA2-8AD: K0TKM3GX500028W
  N° Sere Transductor Lineal LA3-16AD: K0SDM3GX400220H
  N° Serie Transductor Sectorial PN2-4: K0SBM3GX400084E
  N° Serie Grabador y Lector CD/DVD: TM4E
  N° Serie Impresora Láser: U63883A4N484025
  N° Serie Impresora Térmica B-W Sony UP-x898MD: 7205450
  N° Serie ECG Cable 3 derivadas: 3620047500187"
"1004","1004","Ecografo Portátil","SAMSUNG","HS40","S3C1M3HX300003R
","ECOGRAFO","Operativo","","  N° Serie Transductor Convexo CA2-8AD: K0TKM3GW800038K
  N° Sere Transductor Lineal L5-12/50: K0SAM3GT400055D
  N° Serie Transductor Sectorial PN2-4: K0SBM3GX200067X
  N° Serie Footswitch: 2417006
  N° Serie Grabador y Lector CD/DVD: J42T
  N° Serie Impresora Láser: BRBSR1Y0XR
  N° Serie ECG Cable 3 derivadas: 3620047500438"
"1005","1005","Ecografo Portátil","SAMSUNG","HS40","S3C1M3HX300001T
","ECOGRAFO","Operativo","","  N° Serie Transductor Convexo CA2-8AD: K0TKM3GX200148L
  N° Sere Transductor Lineal L5-12/50: K0SAM3GWA00037V
  N° Serie Transductor Sectorial PN2-4: K0SBM3GX400081A
  N° Serie Footswitch: 2417027
  N° Serie Grabador y Lector CD/DVD: JTAL6
  N° Serie Impresora Láser: BRBSR1Y0XV
  N° Serie ECG Cable 3 derivadas: 4020031900765"
"1006","1006","Ecografo radiológico alta complejidad","","","S/N","ECOGRAFO","Operativo","",""
"1007","1007","Ecografo radiológico alta complejidad","","","S/N","ECOGRAFO","Operativo","",""
"1008","1008","Ecografo UCI-UTI (general)","","","S/N","ECOGRAFO","Operativo","",""
"1009","1009","Ejercitador de mano","ss worldwide","exercise flexion board","S/N","GENERAL","Operativo","",""
"1010","1010","Ejercitador de mano","ss worldwide","exercise flexion board","S/N","GENERAL","Operativo","",""
"1011","1011","Electrobisturí Alta Frecuencia","","","S/N","ELECTROVISTURI","Operativo","",""
"1012","1012","Electrobisturí argón plasma","KLS Martin","Maxium","Électrobisturí ME420B0703232174
","ELECTROVISTURI","Operativo","","  Módulo Argón MB4020203231762
  Evacuador de Humo SMART VAC MEVL0100230394
  Carro MEC0000220107"
"1013","1013","Electrobisturí argón plasma","KLS Martin","Maxium","Électrobisturí ME420B0703232177
","ELECTROVISTURI","Operativo","","  Módulo Argón MB4020203231764
  Carro MEC0000220108"
"1014","1014","Electrobisturí Baja potencia","","","S/N","ELECTROVISTURI","Operativo","",""
"1015","1015","Electrobisturí Baja potencia","","","S/N","ELECTROVISTURI","Operativo","",""
"1016","1016","Electrobisturí Baja potencia","","","S/N","ELECTROVISTURI","Operativo","",""
"1017","1017","Electrobisturí Baja potencia","","","S/N","ELECTROVISTURI","Operativo","",""
"1018","1018","Electrobisturí Baja potencia","KLS MARTIN","ME102","20100234428","ELECTROVISTURI","Operativo","",""
"1019","1019","Electrobisturí Baja potencia","","","S/N","ELECTROVISTURI","Operativo","",""
"1020","1020","Electrobisturí Baja potencia","","","S/N","ELECTROVISTURI","Operativo","",""
"1021","1021","Electrobisturí Baja potencia","","","S/N","ELECTROVISTURI","Operativo","",""
"1022","1022","Electrobisturí Baja potencia","","","S/N","ELECTROVISTURI","Operativo","",""
"1023","1023","Electrobisturí Baja potencia","KLS MARTIN","ME102","20100234432","ELECTROVISTURI","Operativo","",""
"1024","1024","Electrobisturí Fusión Tejido","KLS Martin","Maxium","ME402B0703232178
 ","ELECTROVISTURI","Operativo","",""
"1025","1025","Electrobisturí Fusión Tejido","KLS Martin","Maxium"," ME402B0703232174
","ELECTROVISTURI","Operativo","",""
"1026","1026","Electrobisturí Fusión Tejido","KLS Martin","Maxium","  ME402B0703232179
","ELECTROVISTURI","Operativo","",""
"1027","1027","Electrobisturí Fusión Tejido","KLS Martin","Maxium","  ME402B0703232172
","ELECTROVISTURI","Operativo","",""
"1028","1028","Electrobisturí Fusión Tejido","KLS Martin","Maxium","  ME402B0703232177
","ELECTROVISTURI","Operativo","",""
"1029","1029","Electrobisturí Fusión Tejido","KLS Martin","Maxium","  ME402B0703232176","ELECTROVISTURI","Operativo","",""
"1030","1030","Electrobisturí para RTU","","","S/N","ELECTROVISTURI","Operativo","",""
"1031","1031","Electrobisturí ultrasónico","REACH SURGICAL","CSUS 8000","S/N","ELECTROVISTURI","Operativo","",""
"1032","1032","Electrocardiógrafo","Edan","SE-301","360625-M22512450003","MONITOREO","Operativo","",""
"1033","1033","Electrocardiógrafo","Edan","SE-301","360625-M22512450001","MONITOREO","Operativo","",""
"1034","1034","Electrocardiógrafo","Edan","SE-301","360625-M22512450007","MONITOREO","Operativo","",""
"1035","1035","Electrocardiógrafo","Edan","SE-301","360625-M22512450008","MONITOREO","Operativo","",""
"1036","1036","Electrocardiógrafo","Edan","SE-301","36025-M22512450009","MONITOREO","Operativo","",""
"1037","1037","Electrocardiógrafo","Edan","SE-301","360625-M22512450004","MONITOREO","Operativo","",""
"1038","1038","Electrocardiógrafo","Edan","SE-301","360625-M22512450005","MONITOREO","Operativo","",""
"1039","1039","Electrocardiógrafo","Edan","SE-301","360625-M22512450006","MONITOREO","Operativo","",""
"1040","1040","Electrocardiógrafo 12 derivaciones","Edan","SE-1201","360253-M23606470001","MONITOREO","Operativo","",""
"1041","1041","Electroencefalógrafo (Neurología)","","","S/N","GENERAL","Operativo","",""
"1042","1042","Electroencefalógrafo (UCI)","CADWELL","ARC ESSENTIAL","S/N","GENERAL","Operativo","",""
"1043","1043","Electroestimulador","","","S/N","GENERAL","Operativo","",""
"1044","1044","Electroestimulador","ENRAF NONIUS","ENDOMED 484","1,264","GENERAL","Operativo","",""
"1045","1045","Electroestimulador","ENRAF NONIUS","ENDOMED 484","1,258","GENERAL","Operativo","",""
"1046","1046","Electroestimulador Piso pélvico","","","S/N","GENERAL","Operativo","",""
"1047","1047","Electroestimulador Piso pélvico","","","S/N","GENERAL","Operativo","",""
"1048","1048","Electromiógrafo (Fisiatría)","CADWELL","SIERRA SUMMIT","19027205AA0623018","GENERAL","Operativo","",""
"1049","1049","Electromiógrafo (Neurología)","CADWELL","SIERRA SUMMIT","19027205AA0523079","GENERAL","Operativo","",""
"1050","1050","Elevador de Paciente","GULDMANN","GL5.1","126096","GENERAL","Operativo","",""
"1051","1051","Enfriador de compresas","ENRAF NONIUS","CHILLING C5","S/N","GENERAL","Operativo","",""
"1052","1052","Enfriador de compresas","ENRAF NONIUS","CHILLING C5","S/N","GENERAL","Operativo","",""
"1053","1053","Equipo autoanalizador de química (Comodato)","","","S/N","GENERAL","Operativo","",""
"1054","1054","Equipo automatizado bacteriología","","","S/N","GENERAL","Operativo","",""
"1055","1055","Equipo Automatizado de cultivo","","","S/N","GENERAL","Operativo","",""
"1056","1056","Equipo Automatizado de serología","","","S/N","GENERAL","Operativo","",""
"1057","1057","Equipo Biología molecular","","","S/N","GENERAL","Operativo","",""
"1058","1058","Equipo de Coagulación automatizado","","","S/N","GENERAL","Operativo","",""
"1059","1059","Equipo de Coagulación automatizado","","","S/N","GENERAL","Operativo","",""
"1060","1060","Equipo de crioterapia CO2","Optikon","Cryoline","Consola CY0104
","GENERAL","Operativo","","  Carro de transporte CF0050
  Sonda punta redonda CS0258"
"1061","1061","Equipo de diálisis para Unidades críticas","BELLCO","AMPLYA","AX220015","GENERAL","Operativo","",""
"1062","1062","Equipo de Emisiones Otoacústicas","Grason-Stadler","Corti/8514697","S/N","GENERAL","Operativo","",""
"1063","1063","Equipo de Emisiones Otoacústicas","Grason-Stadler","Corti/8514697","S/N","GENERAL","Operativo","",""
"1064","1064","Equipo de emisiones otoacústicas","Grason-Stadler","Corti/8514697","S/N","GENERAL","Operativo","",""
"1065","1065","Equipo de Emisiones Otoacústicas","Grason-Stadler","Corti/8514697","S/N","GENERAL","Operativo","",""
"1066","1066","Equipo de Hemocultivo Automatizado (Comodato)","","","S/N","GENERAL","Operativo","",""
"1067","1067","Equipo de hormona (Comodato)","","","S/N","GENERAL","Operativo","",""
"1068","1068","Equipo de Isquemia Automático","DDM - Dessillons & Dutrillaux","G10904","904092418","PRESION","Operativo","",""
"1069","1069","Equipo de Isquemia Automático","DDM - Dessillons & Dutrillaux","G10904","904092419","PRESION","Operativo","",""
"1070","1070","Equipo de Isquemia Automático","DDM - Dessillons & Dutrillaux","G10904","904092420","PRESION","Operativo","",""
"1071","1071","Equipo de Oxigenoterapia portátil","CILINDROS LUXFER / REGULADORES ACMD","TIPO E / REGULADOR DE OXIGENO CON FLUJOMETRO Y ENTRADA DIN 477","S/N","GENERAL","Operativo","",""
"1072","1072","Equipo de Oxigenoterapia portátil","CILINDROS LUXFER / REGULADORES ACMD","TIPO E / REGULADOR DE OXIGENO CON FLUJOMETRO Y ENTRADA DIN 477","S/N","GENERAL","Operativo","",""
"1073","1073","Equipo de Oxigenoterapia portátil","CILINDROS LUXFER / REGULADORES ACMD","TIPO E / REGULADOR DE OXIGENO CON FLUJOMETRO Y ENTRADA DIN 477","S/N","GENERAL","Operativo","",""
"1074","1074","Equipo de Oxigenoterapia portátil","CILINDROS LUXFER / REGULADORES ACMD","TIPO E / REGULADOR DE OXIGENO CON FLUJOMETRO Y ENTRADA DIN 477","S/N","GENERAL","Operativo","",""
"1075","1075","Equipo de Oxigenoterapia portátil","CILINDROS LUXFER / REGULADORES ACMD","TIPO E / REGULADOR DE OXIGENO CON FLUJOMETRO Y ENTRADA DIN 477","S/N","GENERAL","Operativo","",""
"1076","1076","Equipo de Oxigenoterapia portátil","CILINDROS LUXFER / REGULADORES ACMD","TIPO E / REGULADOR DE OXIGENO CON FLUJOMETRO Y ENTRADA DIN 477","S/N","GENERAL","Operativo","",""
"1077","1077","Equipo de Oxigenoterapia portátil","CILINDROS LUXFER / REGULADORES ACMD","TIPO E / REGULADOR DE OXIGENO CON FLUJOMETRO Y ENTRADA DIN 477","S/N","GENERAL","Operativo","",""
"1078","1078","Equipo de Oxigenoterapia portátil","CILINDROS LUXFER / REGULADORES ACMD","TIPO E / REGULADOR DE OXIGENO CON FLUJOMETRO Y ENTRADA DIN 477","S/N","GENERAL","Operativo","",""
"1079","1079","Equipo de Urodinamia","MEDKONSULT medical technology s.r.o.","UROMIC Symphony Work Station FU5000","1260070
","GENERAL","Operativo","","  Sillón procedimiento urológico TR05594
  Impresora AFYJ18243
  Uroflujómetro 3174022"
"1080","1080","Equipo Digestivo Contrastado","Philips","COMBIDIAGNOST R90","10001157
","GENERAL","Operativo","","  (Tubo 65397A277012)"
"1081","1081","Equipo Hiper/Hipotermia","GENTHERM (CINCINATI SUB ZERO)","BLANKETROL III","224-3-15274","GENERAL","Operativo","",""
"1082","1082","Equipo Hiper/Hipotermia","","","S/N","GENERAL","Operativo","",""
"1083","1083","Equipo Láser Fraccionado y Quirúrgico","LUTRONIC","ECO 2 PLUS","S/N","GENERAL","Operativo","",""
"1084","1084","Equipo LÁSER tejido conectivo (laserterapia)","BTL","BTL-6000 HIL 12W","04100B003656","GENERAL","Operativo","",""
"1085","1085","Equipo Leep Precisión con Evacuador de Humo","","","S/N","GENERAL","Operativo","",""
"1086","1086","Equipo marcadores tumorales","","","S/N","GENERAL","Operativo","",""
"1087","1087","Equipo marcha en agua","HYDROPHYSIO AQUATIC TREADMILL","FOCUS XD","P1624/1-1","GENERAL","Operativo","",""
"1088","1088","Equipo odontológico portátil","TPC ADVANCE TECHNOLOGY INC","PC-2930","232444","GENERAL","Operativo","",""
"1089","1089","Equipo Precursores Hormonales y marcadores enzimaticos","","","S/N","GENERAL","Operativo","",""
"1090","1090","Equipo Presoterapia","","","S/N","GENERAL","Operativo","",""
"1091","1091","Equipo prevención TVP","","","S/N","GENERAL","Operativo","",""
"1092","1092","Equipo prevención TVP","","","S/N","GENERAL","Operativo","",""
"1093","1093","Equipo prevención TVP","","","S/N","GENERAL","Operativo","",""
"1094","1094","Equipo prevención TVP","","","S/N","GENERAL","Operativo","",""
"1095","1095","Equipo prevención TVP","","","S/N","GENERAL","Operativo","",""
"1096","1096","Equipo prevención TVP","","","S/N","GENERAL","Operativo","",""
"1097","1097","Equipo prevención TVP","","","S/N","GENERAL","Operativo","",""
"1098","1098","Equipo Rayos x dental panorámico digital","PLANMECA","PROMAX 3D CLASSIC","TPXV7216079
","RX","Operativo","","  (Tubo KPP19105934, UPS 9B2134A16585, Estabilizador de voltaje 22109-529)"
"1099","1099","Equipo Rayos X portátil No Motorizado","FUJIFILM","FDR NANO","S/N","GENERAL","Operativo","",""
"1100","1100","Equipo Rayos X portátil No Motorizado","FUJIFILM","FDR NANO","S/N","GENERAL","Operativo","",""
"1101","1101","Equipo RPR (Equipo actual Modelo Diatec)","","","S/N","GENERAL","Operativo","",""
"1102","1102","Equipo terapia de ondas de choque","","","S/N","GENERAL","Operativo","",""
"1103","1103","Equipo tinción de frotis hematológico","","","S/N","GENERAL","Operativo","",""
"1104","1104","Equipo Urocultivo","","","S/N","GENERAL","Operativo","",""
"1105","1105","Escabel (RNM)","PHILIPS","Ingenia Ambition S + IntelliSpace Workstation IX/LX","S/N","GENERAL","Operativo","",""
"1106","1106","Escalera esquina","FISIOMARKET","FMK-43","S/N","GENERAL","Operativo","",""
"1107","1107","Esfigmomanómetro digital","Omron","HEM7130","S/N","GENERAL","Operativo","",""
"1108","1108","Espaldera","FM","ESPALDERA CON BLOQUEADOR DE RODILLA","S/N","GENERAL","Operativo","",""
"1109","1109","Espalderas para infantil","FM","ESPALDERA CON BLOQUEADOR DE RODILLA INFANTIL","S/N","GENERAL","Operativo","",""
"1110","1110","Espejo corrección (cuadriculado con asidero)","FISIOMARKET","FMK-30","S/N","GENERAL","Operativo","",""
"1111","1111","Espejo corrección (cuadriculado con asidero)","FISIOMARKET","FMK-30","S/N","GENERAL","Operativo","",""
"1112","1112","Espejo corrección (cuadriculado con asidero)","","","S/N","GENERAL","Operativo","",""
"1113","1113","Espejo de Glatzel","","","S/N","GENERAL","Operativo","",""
"1114","1114","Espirómetro","MIR","SPIROLAB","A23-0J17148","GENERAL","Operativo","",""
"1115","1115","Espirómetro","MIR","SPIROLAB","A23-0J17166","GENERAL","Operativo","",""
"1116","1116","Estación de Órtesis metálica con compartimentos (Splint Station)","","","S/N","GENERAL","Operativo","",""
"1117","1117","Estación Macroscopía","MOPEC","MAESTRO MB1060LEX","S/N","GENERAL","Operativo","",""
"1118","1118","Estación tanatológica","MOPEC","CA100EX","CAEX-0154776-001","GENERAL","Operativo",""," (carro DE300-0154776-001)"
"1119","1119","Estampadora odontológica","BIOART","PLASTVAC P7","S/N","GENERAL","Operativo","",""
"1120","1120","Estante con llaves para archivos","SIN MARCA","SIN MODELO","S/N","GENERAL","Operativo","",""
"1121","1121","Estantería antivuelco ventilada (120x50cm app)","ESCO","Ascent ASC-4A8","2022-191735","GENERAL","Operativo","",""
"1122","1122","Estantería antivuelco ventilada (150x50cm)","","","S/N","GENERAL","Operativo","",""
"1123","1123","Estantería antivuelco ventilada (205x70x205cm)","ESCO","Ascent ASC-6A8","2022-191733","GENERAL","Operativo","",""
"1124","1124","Estantería antivuelco ventilada (205x70x205cm)","ESCO","Ascent ASC-6A8","2022-191732","GENERAL","Operativo","",""
"1125","1125","Estantería antivuelco ventilada (205x70x205cm)","ESCO","Ascent ASC-6A8","2022-191734","GENERAL","Operativo","",""
"1126","1126","Estanteria para almacenamiento de medicamentos (1 columna)","APOTHEKA","MEDICAL BOX","S/N","GENERAL","Operativo","",""
"1127","1127","Estanteria para almacenamiento de medicamentos (1 columna)","APOTHEKA","MEDICAL BOX","S/N","GENERAL","Operativo","",""
"1128","1128","Estanteria para almacenamiento de medicamentos (1 columna)","APOTHEKA","MEDICAL BOX","S/N","GENERAL","Operativo","",""
"1129","1129","Estanteria para almacenamiento de medicamentos (1 columna)","APOTHEKA","MEDICAL BOX","S/N","GENERAL","Operativo","",""
"1130","1130","Estanteria para almacenamiento de medicamentos (1 columna)","APOTHEKA","MEDICAL BOX","S/N","GENERAL","Operativo","",""
"1131","1131","Estanteria para almacenamiento de medicamentos (1 columna)","APOTHEKA","MEDICAL BOX","S/N","GENERAL","Operativo","",""
"1132","1132","Estanteria para almacenamiento de medicamentos (1 columna)","APOTHEKA","MEDICAL BOX","S/N","GENERAL","Operativo","",""
"1133","1133","Estanteria para almacenamiento de medicamentos (1 columna)","APOTHEKA","MEDICAL BOX","S/N","GENERAL","Operativo","",""
"1134","1134","Estanteria para almacenamiento de medicamentos (1 columna)","APOTHEKA","MEDICAL BOX","S/N","GENERAL","Operativo","",""
"1135","1135","Estantería ventilada para biopsia","LABOR SECURITY","AAW 600","48","GENERAL","Operativo","",""
"1136","1136","Estantería ventilada para biopsia","LABOR SECURITY","AAW 600","42","GENERAL","Operativo","",""
"1137","1137","Estantería ventilada para biopsia","LABOR SECURITY","AAW 600","49","GENERAL","Operativo","",""
"1138","1138","Estantes metálicos tipo mecano 276 x 60 x 200 cm","","","S/N","GENERAL","Operativo","",""
"1139","1139","Esterilizador de Peróxido de Hidrógeno (110-150 lts)","Tuttnauer","P160-1V","2204376008","GENERAL","Operativo","",""
"1140","1140","Esterilizador por óxido de etileno","3M","GS5 de 1 puerta","AB000408","GENERAL","Operativo",""," (ablandador 301165)"
"1141","1141","Esternotomo portátil","STRYKER","STERNUM SAW SYSTEM 8","Esternótomo 2213800033
","GENERAL","Operativo","","  Cargador Batería 2234812493"
"1142","1142","Esternotomo portátil","STRYKER","STERNUM SAW SYSTEM 8","Esternótomo 2213800223","GENERAL","Operativo","","  Cargador Batería 2234812583"
"1143","1143","Esternotomo portátil","STRYKER","STERNUM SAW SYSTEM 8","Esternótomo 2216600123","GENERAL","Operativo","","  Cargador Batería 2234812583"
"1144","1144","Estufa de cultivo","THERMO SCIENTIFIC","IGS750","43231601
","GENERAL","Operativo","",""
"1145","1145","Estufa de cultivo","THERMO SCIENTIFIC","IGS751","  43232719","GENERAL","Operativo","",""
"1146","1146","Estufa de secado","","","S/N","GENERAL","Operativo","",""
"1147","1147","Estufa de secado","MEMMERT S.A.","UF260","B-S1-020","GENERAL","Operativo","",""
"1148","1148","Expansor de tejidos","AYGUN","SYSTEM-1, SKIN GRAFT MESHER","S/N","GENERAL","Operativo","",""
"1149","1149","Extractor automatizado","","","S/N","GENERAL","Operativo","",""
"1150","1150","Facoemulsificador","ALCON LABORATORIOS CHILE LTDA","CENTURION VISION SYSTEM (ACTIVE SENTRY)","23D1406201X
","GENERAL","Operativo","","  Pedal 2301359933X
  CONTROL 2301287203X"
"1151","1151","Férula de Braun","HEMC","FÉRULA BRAUN","S/N","GENERAL","Operativo","",""
"1152","1152","Férula de Braun","PIMET","PIMET","S/N","GENERAL","Operativo","",""
"1153","1153","Férula de Braun","","","S/N","GENERAL","Operativo","",""
"1154","1154","Férula de Braun","","","S/N","GENERAL","Operativo","",""
"1155","1155","Flujómetro medición de tos","MINI WRIGHT","ESTÁNDAR ADULTO","S/N","GENERAL","Operativo","",""
"1156","1156","Freezer app 100 L -18°C (Refrigeradores y Congeladores Laboratorio Clínico)","HAIER BIOMEDICAL","HYC-85GD","S/N","GENERAL","Operativo","",""
"1157","1157","Freezer app 100 L -18°C (Refrigeradores y Congeladores Laboratorio Clínico)","HAIER BIOMEDICAL","HYC-85GD","S/N","GENERAL","Operativo","",""
"1158","1158","Freezer app 100 L -18°C (Refrigeradores y Congeladores Laboratorio Clínico)","HAIER BIOMEDICAL","HYC-85GD","S/N","GENERAL","Operativo","",""
"1159","1159","Freezer app 250 l -20°C (Refrigeradores y Congeladores Laboratorio Clínico)","HAIER BIOMEDICAL","HYC-85GD","S/N","GENERAL","Operativo","",""
"1160","1160","Freezer vertical 400 L -20°C (Refrigeradores y Congeladores Laboratorio Clínico)","HAIER BIOMEDICAL","HYC-85GD","S/N","GENERAL","Operativo","",""
"1161","1161","Frigobar","","","S/N","GENERAL","Operativo","",""
"1162","1162","Gabinete Calentador de sueros (App 15 lt)","ENTHERMICS","EC250L","3404089-6","GENERAL","Operativo","",""
"1163","1163","Gabinete Calentador de sueros (App 70 lt)","Enthermics","EC770L","S/N","GENERAL","Operativo","",""
"1164","1164","Gabinete con ruedas, llave y cerradura","NACIONAL","GABINETE BASE","S/N","GENERAL","Operativo","",""
"1165","1165","Gabinete de bioseguridad Clase II A2","ESCO","AIRSTREAM AC2-4E8","2022-183837","GENERAL","Operativo","",""
"1166","1166","Gabinete de bioseguridad Clase II A2","ESCO","AIRSTREAM AC2-4E8","2022-183831","GENERAL","Operativo","",""
"1167","1167","Gabinete de bioseguridad Clase II A2","ESCO","AIRSTREAM AC2-4E8","2022-183838","GENERAL","Operativo","",""
"1168","1168","Gabinete de bioseguridad Clase II A2","ESCO","AIRSTREAM AC2-4E8","2022-183830","GENERAL","Operativo","",""
"1169","1169","Gabinete de bioseguridad Clase II A2","ESCO","AIRSTREAM AC2-4E8","2022-183836","GENERAL","Operativo","",""
"1170","1170","Gabinete de bioseguridad Clase II A2","","","S/N","GENERAL","Operativo","",""
"1171","1171","Gabinete de Bioseguridad Clase II B2 (150 x 100 cm app)","","","S/N","GENERAL","Operativo","",""
"1172","1172","Gabinete de Bioseguridad clase III","","","S/N","GENERAL","Operativo","",""
"1173","1173","Glucómetro","NIPRO","PREMIER","S/N","GENERAL","Operativo","",""
"1174","1174","Goniómetro","BASELINE","SET GONIÓMETROS","S/N","GENERAL","Operativo","",""
"1175","1175","Goniómetro","","","S/N","GENERAL","Operativo","",""
"1176","1176","Grúa de transferencia","","","S/N","GENERAL","Operativo","",""
"1177","1177","Halo o HOOD","","","S/N","GENERAL","Operativo","",""
"1178","1178","Hemoglobina glicosilada","","","S/N","GENERAL","Operativo","",""
"1179","1179","Hidrolavadora","NILFSK ALTO","MC4M XT 150/620","S/N","GENERAL","Operativo","",""
"1180","1180","Holter ECG con 6 Grabadoras","MORTARA","H3+","S/N","GENERAL","Operativo","","  Impresora U639775M2N588649
  UPS 320423BW30000024"
"1181","1181","Holter Presión arterial más grabadoras 4","SCHILLER","BR102 PLUS","HOLTER DE PRESIÓN ARTERIAL MAS 4 GRABADORAS:,","GENERAL","Operativo","","  PC: 8CG72502X
  UPS: DEV00055555122797
  Impresora: U63976L2N350809"
"1182","1182","GRABADORA HOLTER","SCHILLER","BR102 PLUS"," 29318723","GENERAL","Operativo","",""
"1183","1183","GRABADORA HOLTER","SCHILLER","BR102 PLUS"," 29318721","GENERAL","Operativo","",""
"1184","1184","GRABADORA HOLTER","SCHILLER","BR102 PLUS","29318726","GENERAL","Operativo","",""
"1185","1185","GRABADORA HOLTER","SCHILLER","BR102 PLUS","29318727","GENERAL","Operativo","",""
"1186","1186","Humidificadores-Calefactores de oxígeno AIRVO 2.0","Fisher & Paykel","Airvo 2","230118354792","GENERAL","Operativo","",""
"1187","1187","Humidificadores-Calefactores de oxígeno AIRVO 2.0","Fisher & Paykel","Airvo 2","230118354902","GENERAL","Operativo","",""
"1188","1188","Humidificadores-Calefactores de oxígeno AIRVO 2.0","Fisher & Paykel","Airvo 2","230119355397","GENERAL","Operativo","",""
"1189","1189","Humidificadores-Calefactores de oxígeno AIRVO 2.0","Fisher & Paykel","Airvo 2","230119355456","GENERAL","Operativo","",""
"1190","1190","Impedanciómetro","Grason-Stadler","Tymsptar Pro","S/N","GENERAL","Operativo","",""
"1191","1191","Impedanciómetro","Grason-Stadler","Tymsptar Pro","S/N","GENERAL","Operativo","",""
"1192","1192","Impresora 3D Ortopantomógrafo","ASIGA","MAX UV","Impresora: 5491AF900044
","GENERAL","Operativo","","  Estación lavado: CDW08F004285
  Estación fotocurado: CDC08F004285"
"1193","1193","Impresora de láminas","","","S/N","LABORATORIO","Operativo","",""
"1194","1194","INCUBADORA DE TRANSPORTE EXTRAHOSPITALARIO","ATOM MEDICAL","INCU ARCH","621012300103","INCUBADORA","Operativo","","  Ventilador 27731"
"1195","1195","INCUBADORA DE TRANSPORTE EXTRAHOSPITALARIO","ATOM MEDICAL","INCU ARCH","621012300102","INCUBADORA","Operativo","",""
"1196","1196","INCUBADORA DE TRANSPORTE EXTRAHOSPITALARIO","ATOM MEDICAL","INCU ARCH","621012300101","INCUBADORA","Operativo","",""
"1197","1197","Incubadora para control biológico","MATACHANA","BIOVELOX 20","684","GENERAL","Operativo","",""
"1198","1198","Incubadora para control biológico","MATACHANA","BIOVELOX 20","685","GENERAL","Operativo","",""
"1199","1199","Incubadora tarjetas inmunohematología","","","S/N","GENERAL","Operativo","",""
"1200","1200","Incubadora UTI","Atom","Dual Incu I","616012300066","INCUBADORA","Operativo","",""
"1201","1201","Incubadora UTI","Atom","Dual Incu I","616012300064","INCUBADORA","Operativo","",""
"1202","1202","Incubadora UTI","Atom","Dual Incu I","616012300065","INCUBADORA","Operativo","",""
"1203","1203","Incubadora UTI","Atom","Dual Incu I","6.16E+16","INCUBADORA","Operativo","",""
"1204","1204","Instrumental para todo el Hospital","","","S/N","GENERAL","Operativo","",""
"1205","1205","Inyectora de medio de contraste (RNM)","","","S/N","GENERAL","Operativo","",""
"1206","1206","Inyectora medio de contraste automático","","","S/N","GENERAL","Operativo","",""
"1207","1207","Juego comedor 4 personas","Mainstays","Comedor rectangular","S/N","GENERAL","Operativo","",""
"1208","1208","Juego de micropipetas","DLAB","HIPETTE","S/N","GENERAL","Operativo","",""
"1209","1209","Juego de micropipetas","DLAB","HIPETTE","S/N","GENERAL","Operativo","",""
"1210","1210","Juego de micropipetas","DLAB","HIPETTE","S/N","GENERAL","Operativo","",""
"1211","1211","Juego de Rejillas elásticas (Bastidor)","cando","cando web","S/N","GENERAL","Operativo","",""
"1212","1212","Juego de Rejillas elásticas (Bastidor)","cando","cando web","S/N","GENERAL","Operativo","",""
"1213","1213","Kit evaluación baja visión","","","S/N","GENERAL","Operativo","",""
"1214","1214","Kit motores dentales","","","S/N","GENERAL","Operativo","",""
"1215","1215","Kit motores dentales","","","S/N","GENERAL","Operativo","",""
"1216","1216","Kit motores dentales","","","S/N","GENERAL","Operativo","",""
"1217","1217","Kit motores dentales","","","S/N","GENERAL","Operativo","",""
"1218","1218","Lámpara de examen","DERUNG","HALUX N50-3 RODABLE","1119290 069","GENERAL","Operativo","",""
"1219","1219","Lámpara de examen","DERUNG","HALUX N50-3 RODABLE","1119290 007","GENERAL","Operativo","",""
"1220","1220","Lámpara de examen","DERUNG","HALUX N50-3 RODABLE","1119290 025","GENERAL","Operativo","",""
"1221","1221","Lámpara de examen","DERUNG","HALUX N50-3 RODABLE","1119290 018","GENERAL","Operativo","",""
"1222","1222","Lámpara de examen","DERUNG","HALUX N50-3 RODABLE","1119290 029","GENERAL","Operativo","",""
"1223","1223","Lámpara de examen","DERUNG","HALUX N50-3 RODABLE","1119290 023","GENERAL","Operativo","",""
"1224","1224","Lámpara de examen","DERUNG","HALUX N50-3 RODABLE","1119290 027","GENERAL","Operativo","",""
"1225","1225","Lámpara de examen","DERUNG","HALUX N50-3 RODABLE","1119290 021","GENERAL","Operativo","",""
"1226","1226","Lámpara de examen","DERUNG","HALUX N50-3 RODABLE","1119290 012","GENERAL","Operativo","",""
"1227","1227","Lámpara de examen","DERUNG","HALUX N50-3 RODABLE","1119290 024","GENERAL","Operativo","",""
"1228","1228","Lámpara de examen","DERUNG","HALUX N50-3 RODABLE","1119290 005","GENERAL","Operativo","",""
"1229","1229","Lámpara de examen","DERUNG","HALUX N50-3 RODABLE","1119290 022","GENERAL","Operativo","",""
"1230","1230","Lámpara de examen","DERUNG","HALUX N50-3 RODABLE","1119290 015","GENERAL","Operativo","",""
"1231","1231","Lámpara de examen","DERUNG","HALUX N50-3 RODABLE","1119290 033","GENERAL","Operativo","",""
"1232","1232","Lámpara de examen","DERUNG","HALUX N50-3 RODABLE","1119290 031","GENERAL","Operativo","",""
"1233","1233","Lámpara de examen","DERUNG","HALUX N50-3 RODABLE","1119290 034","GENERAL","Operativo","",""
"1234","1234","Lámpara de examen","DERUNG","HALUX N50-3 RODABLE","1119290 011","GENERAL","Operativo","",""
"1235","1235","Lámpara de examen","DERUNG","HALUX N50-3 RODABLE","1119290 032","GENERAL","Operativo","",""
"1236","1236","Lámpara de examen","DERUNG","HALUX N50-3 RODABLE","1119290 010","GENERAL","Operativo","",""
"1237","1237","Lámpara de examen","DERUNG","HALUX N50-3 RODABLE","1119290 020","GENERAL","Operativo","",""
"1238","1238","Lámpara de examen","DERUNG","HALUX N50-3 RODABLE","1119290 007","GENERAL","Operativo","",""
"1239","1239","Lámpara de examen","DERUNG","HALUX N50-3 RODABLE","1119290 019","GENERAL","Operativo","",""
"1240","1240","Lámpara de examen","DERUNG","HALUX N50-3 RODABLE","1119290 026","GENERAL","Operativo","",""
"1241","1241","Lámpara de examen","DERUNG","HALUX N50-3 RODABLE","1119290 030","GENERAL","Operativo","",""
"1242","1242","Lámpara de examen","DERUNG","HALUX N50-3 RODABLE","1119290 028","GENERAL","Operativo","",""
"1243","1243","Lámpara de examen","DERUNG","HALUX N50-3 RODABLE","1119290 013","GENERAL","Operativo","",""
"1244","1244","Lámpara de examen","DERUNG","HALUX N50-3 RODABLE","1119290 017","GENERAL","Operativo","",""
"1245","1245","Lámpara de examen","DERUNG","HALUX N50-3 RODABLE","1119290 036","GENERAL","Operativo","",""
"1246","1246","Lámpara de examen","DERUNG","HALUX N50-3 RODABLE","1119290 016","GENERAL","Operativo","",""
"1247","1247","Lámpara de fotocurado","JERRYMED","JR-CL37H","C21124526","GENERAL","Operativo","",""
"1248","1248","Lámpara de fotocurado","JERRYMED","JR-CL37H","C21124560","GENERAL","Operativo","",""
"1249","1249","Lámpara de fotocurado","JERRYMED","JR-CL37H","C21124557","GENERAL","Operativo","",""
"1250","1250","Lámpara de fotocurado","JERRYMED","JR-CL37H","C21124565","GENERAL","Operativo","",""
"1251","1251","Lámpara de fotocurado","JERRYMED","JR-CL37H","C21124578","GENERAL","Operativo","",""
"1252","1252","Lámpara de fotocurado","JERRYMED","JR-CL37H","C21124554","GENERAL","Operativo","",""
"1253","1253","Lampara de Fototerapia","Sentec","MaviLED","2022-1458","GENERAL","Operativo","",""
"1254","1254","Lampara de Fototerapia","Sentec","MaviLED","2022-1452","GENERAL","Operativo","",""
"1255","1255","Lampara de Fototerapia","Sentec","MaviLED","2022-1453","GENERAL","Operativo","",""
"1256","1256","Lampara de Fototerapia","Sentec","MaviLED","2022-1455","GENERAL","Operativo","",""
"1257","1257","Lampara de Fototerapia","Sentec","MaviLED","2022-1456","GENERAL","Operativo","",""
"1258","1258","Lampara de Fototerapia","Sentec","MaviLED","2022-1457","GENERAL","Operativo","",""
"1259","1259","Lámpara de hendidura","C.S.O","SL 9900 5X","23110029","GENERAL","Operativo","",""
"1260","1260","Lámpara de procedimientos","NEXOR","NOVA LIGTH 350 RODABLE","SLFNMH220017","GENERAL","Operativo","",""
"1261","1261","Lámpara de procedimientos","NEXOR","NOVA LIGTH 350 RODABLE","SLFNMH220002","GENERAL","Operativo","",""
"1262","1262","Lámpara de procedimientos","NEXOR","NOVA LIGTH 350 RODABLE","SLFNMH220035","GENERAL","Operativo","",""
"1263","1263","Lámpara de procedimientos","NEXOR","NOVA LIGTH 350 RODABLE","SLFNMH220024","GENERAL","Operativo","",""
"1264","1264","Lámpara de procedimientos","NEXOR","NOVA LIGTH 350 RODABLE","SLFNMH220054","GENERAL","Operativo","",""
"1265","1265","Lámpara de procedimientos","NEXOR","NOVA LIGTH 350 RODABLE","SLFNMH220030","GENERAL","Operativo","",""
"1266","1266","Lámpara de procedimientos","NEXOR","NOVA LIGTH 350 RODABLE","SLFNMH220039","GENERAL","Operativo","",""
"1267","1267","Lámpara de procedimientos","NEXOR","NOVA LIGTH 350 RODABLE","SLFNMH220048","GENERAL","Operativo","",""
"1268","1268","Lámpara de procedimientos","NEXOR","NOVA LIGTH 350 RODABLE","SLFNMD220014","GENERAL","Operativo","",""
"1269","1269","Lámpara de procedimientos","NEXOR","NOVA LIGTH 350 RODABLE","SLFNMH220043","GENERAL","Operativo","",""
"1270","1270","Lámpara de procedimientos","NEXOR","NOVA LIGTH 350 RODABLE","SLFNMH220020","GENERAL","Operativo","",""
"1271","1271","Lámpara de procedimientos","NEXOR","NOVA LIGTH 350 RODABLE","SLFNMH220001","GENERAL","Operativo","",""
"1272","1272","Lámpara de procedimientos","NEXOR","NOVA LIGTH 350 RODABLE","SLFNMH220026","GENERAL","Operativo","",""
"1273","1273","Lámpara de procedimientos","NEXOR","NOVA LIGTH 350 RODABLE","SLFNMH220003","GENERAL","Operativo","",""
"1274","1274","Lámpara de procedimientos","NEXOR","NOVA LIGTH 350 RODABLE","SLFNMH220015","GENERAL","Operativo","",""
"1275","1275","Lámpara de procedimientos","NEXOR","NOVA LIGTH 350 RODABLE","SLFNMH220045","GENERAL","Operativo","",""
"1276","1276","Lámpara de procedimientos","NEXOR","NOVA LIGTH 350 RODABLE","SLFNMH220010","GENERAL","Operativo","",""
"1277","1277","Lámpara de procedimientos","NEXOR","NOVA LIGTH 350 RODABLE","SLFNMH220034","GENERAL","Operativo","",""
"1278","1278","Lámpara de procedimientos","NEXOR","NOVA LIGTH 350 RODABLE","SLFNMH220005","GENERAL","Operativo","",""
"1279","1279","Lámpara de procedimientos","NEXOR","NOVA LIGTH 350 RODABLE","SLFNMH220038","GENERAL","Operativo","",""
"1280","1280","Lámpara de procedimientos","NEXOR","NOVA LIGTH 350 RODABLE","SLFNMD220028","GENERAL","Operativo","",""
"1281","1281","Lámpara de procedimientos","NEXOR","NOVA LIGTH 350 RODABLE","SLFNMH220027","GENERAL","Operativo","",""
"1282","1282","Lámpara de procedimientos","NEXOR","NOVA LIGTH 350 RODABLE","SLFNMH220007","GENERAL","Operativo","",""
"1283","1283","Lámpara de procedimientos","NEXOR","NOVA LIGTH 350 RODABLE","SLFNMD220025","GENERAL","Operativo","",""
"1284","1284","Lámpara de procedimientos","NEXOR","NOVA LIGTH 350 RODABLE","SLFNMH220011","GENERAL","Operativo","",""
"1285","1285","Lámpara de procedimientos","NEXOR","NOVA LIGTH 350 RODABLE","SLFNMH220013","GENERAL","Operativo","",""
"1286","1286","Lámpara de procedimientos","NEXOR","NOVA LIGTH 350 RODABLE","SLFNMH220029","GENERAL","Operativo","",""
"1287","1287","Lámpara de procedimientos","NEXOR","NOVA LIGTH 350 RODABLE","SLFNMD220013","GENERAL","Operativo","",""
"1288","1288","Lámpara de procedimientos","NEXOR","NOVA LIGTH 350 RODABLE","SLFNMH220056","GENERAL","Operativo","",""
"1289","1289","Lámpara de procedimientos","NEXOR","NOVA LIGTH 350 RODABLE","SLFNMH220031","GENERAL","Operativo","",""
"1290","1290","Lámpara de procedimientos","NEXOR","NOVA LIGTH 350 RODABLE","SLFNMH220008","GENERAL","Operativo","",""
"1291","1291","Lámpara de procedimientos","NEXOR","NOVA LIGTH 350 RODABLE","SLFNMH220019","GENERAL","Operativo","",""
"1292","1292","Lámpara de procedimientos","NEXOR","NOVA LIGTH 350 RODABLE","SLFNMH220004","GENERAL","Operativo","",""
"1293","1293","Lámpara de procedimientos","NEXOR","NOVA LIGTH 350 RODABLE","SLFNMD220007","GENERAL","Operativo","",""
"1294","1294","Lámpara de procedimientos","NEXOR","NOVA LIGTH 350 RODABLE","SLFNMH220022","GENERAL","Operativo","",""
"1295","1295","Lámpara de procedimientos","NEXOR","NOVA LIGTH 350 RODABLE","SLFNMD220009","GENERAL","Operativo","",""
"1296","1296","Lámpara de procedimientos","NEXOR","NOVA LIGTH 350 RODABLE","SLFNMH220018","GENERAL","Operativo","",""
"1297","1297","Lámpara de procedimientos","NEXOR","NOVA LIGTH 350 RODABLE","SLFNMD220022","GENERAL","Operativo","",""
"1298","1298","Lámpara de procedimientos","NEXOR","NOVA LIGTH 350 RODABLE","SLFNMH220028","GENERAL","Operativo","",""
"1299","1299","Lámpara de procedimientos","NEXOR","NOVA LIGTH 350 RODABLE","SLFNMD220010","GENERAL","Operativo","",""
"1300","1300","Lámpara de procedimientos","NEXOR","NOVA LIGTH 350 RODABLE","SLFNMH220025","GENERAL","Operativo","",""
"1301","1301","Lámpara de procedimientos","NEXOR","NOVA LIGTH 350 RODABLE","SLFNMH220006","GENERAL","Operativo","",""
"1302","1302","Lámpara de procedimientos","NEXOR","NOVA LIGTH 350 RODABLE","SLFNMH220032","GENERAL","Operativo","",""
"1303","1303","Lámpara de procedimientos","NEXOR","NOVA LIGTH 350 RODABLE","SLFNMH220055","GENERAL","Operativo","",""
"1304","1304","Lámpara de procedimientos","NEXOR","NOVA LIGTH 350 RODABLE","SLFNMH220023","GENERAL","Operativo","",""
"1305","1305","Lámpara de procedimientos (techo)","NEXOR","Nova light 450","lampara 1: 920175-030","GENERAL","Operativo",""," brazo 1: 920174-030"
"1306","1306","Lámpara de procedimientos (techo)","NEXOR","Nova light 450","lámpara 2: 920175-010 ","GENERAL","Operativo","","brazo 2: 920174-010"
"1307","1307","Lámpara de procedimientos (techo)","NEXOR","Nova light 450","lámpara 1: 920175-020 ","GENERAL","Operativo","","brazo 1: 920174-020"
"1308","1308","Lámpara de procedimientos (techo)","NEXOR","Nova light 450","Lámpara 2: 920175-040, ","GENERAL","Operativo","","brazo2: 920174-040"
"1309","1309","Lámpara Quirúrgica con Satélite","","","S/N","GENERAL","Operativo","",""
"1310","1310","Lámpara Quirúrgica con Satélite","","","S/N","GENERAL","Operativo","",""
"1311","1311","Lámpara Quirúrgica con Satélite","","","S/N","GENERAL","Operativo","",""
"1312","1312","Lámpara Quirúrgica con Satélite y monitor","NEXOR","NOVA LIGHT 700T-700T","Lámparas 919416-190. ","GENERAL","Operativo","","Monitor VM903612 y Cámara 919399-190"
"1313","1313","Lámpara Quirúrgica con Satélite y monitor","NEXOR","NOVA LIGHT 700T-700T","Lámparas 919423-190. ","GENERAL","Operativo","","Monitor VM903612 y Cámara 919399-190"
"1314","1314","Lámpara Quirúrgica Rodable","DRAGER","Polaris 600","Fuente: ASSC-1130 
","GENERAL","Operativo","","  Cúpula: ASSC-0116"
"1315","1315","Lámpara Quirúrgica Rodable","DRAGER","Polaris 600"," ASSA-0002
","GENERAL","Operativo","","  Cúpula: ASSC-0116"
"1316","1316","Lámpara UV rodable","","","S/N","GENERAL","Operativo","",""
"1317","1317","Lámpara UV rodable","","","S/N","GENERAL","Operativo","",""
"1318","1318","Lámpara UV rodable","","","S/N","GENERAL","Operativo","",""
"1319","1319","Laringoscopio Digital Portátil Con Visor","","","S/N","GENERAL","Operativo","",""
"1320","1320","Laringoscopio Digital Portátil Con Visor","","","S/N","GENERAL","Operativo","",""
"1321","1321","Láser Argón (Laser fotocoagulador)","LIGHTMED","TRUSCAN PRO","UTP00301T-100010","GENERAL","Operativo","",""
"1322","1322","Láser de diodo transescleral micropulsado","","","S/N","GENERAL","Operativo","",""
"1323","1323","Láser Thulium","QUANTA SYSTEM","CYBER TM 200W","CYT4215-1223","GENERAL","Operativo","",""
"1324","1324","Láser YAG","NIDEK","YC-200 PLUS","S/N","GENERAL","Operativo","",""
"1325","1325","Lavadora de chatas","Tuttnauer","REVO PRO","L22273813","CHATAS","Operativo","",""
"1326","1326","Lavadora de chatas","Tuttnauer","REVO PRO","L22273613","CHATAS","Operativo","",""
"1327","1327","Lavadora de chatas","Tuttnauer","REVO PRO","L22273713","CHATAS","Operativo","",""
"1328","1328","Lavadora de chatas","Tuttnauer","REVO PRO","L22273413","CHATAS","Operativo","",""
"1329","1329","Lavadora de chatas","Tuttnauer","REVO PRO","L22273513","CHATAS","Operativo","",""
"1330","1330","Lavadora de chatas","Tuttnauer","REVO PRO","L22301513","CHATAS","Operativo","",""
"1331","1331","Lavadora de chatas","Tuttnauer","REVO PRO","l22273313","CHATAS","Operativo","",""
"1332","1332","Lavadora de chatas","Tuttnauer","REVO PRO","L22301913","CHATAS","Operativo","",""
"1333","1333","Lavadora de chatas","Tuttnauer","REVO PRO","L21553830","CHATAS","Operativo","",""
"1334","1334","Lavadora de chatas","Tuttnauer","REVO PRO","L22300313","CHATAS","Operativo","",""
"1335","1335","Lavadora de chatas","Tuttnauer","REVO PRO","L22300113","CHATAS","Operativo","",""
"1336","1336","Lavadora de chatas","Tuttnauer","REVO PRO","l223000213","CHATAS","Operativo","",""
"1337","1337","Lavadora de endoscopios","CHOYANG","CYW-DUO","CB-EWRE-3-AAH","GENERAL","Operativo",""," (PISTOLA BARRA: L220H020326 ) CABEZA( 636041210300230)"
"1338","1338","Lavadora de endoscopios","CHOYANG","CYW-DUO","CB-EWRE-3-AAD","GENERAL","Operativo",""," (PISTOLA BARRA:  L220H020321) CABEZA( 636041210300229)"
"1339","1339","Lavadora de mamaderas (8 DIN)","Tuttnauer","TIVA-8 HS","VV22329923","GENERAL","Operativo","",""
"1340","1340","Lavadora de Tubos","Tuttnauer","Modelo TIVA8-HS","VV22321018","GENERAL","Operativo","",""
"1341","1341","Lavadora descontaminadora con secado (8 DIN)","AT-OS","AWD655-10AD SC","VV22780526","GENERAL","Operativo","",""
"1342","1342","Lavadora descontaminadora con secado (8 DIN)","AT-OS","AWD655-10AD SC","VV22180126","GENERAL","Operativo","",""
"1343","1343","Lavadora descontaminadora con secado (8 DIN)","AT-OS","AWD655-10AD SC","VV22180226","GENERAL","Operativo","",""
"1344","1344","Lavadora ultrasónica","","","S/N","GENERAL","Operativo","",""
"1345","1345","Lavafondo con mesón (160x75 x90cm)","AMUV","LAVAFONDO CON MESON","S/N","GENERAL","Operativo","",""
"1346","1346","Lavafondo con mesón (60x220x90 cm)","","","S/N","GENERAL","Operativo","",""
"1347","1347","Lector de tarjetas inmunohematología","","","S/N","GENERAL","Operativo","",""
"1348","1348","Lector de VHS","","","S/N","GENERAL","Operativo","",""
"1349","1349","Lensómetro digital","TOPCON","CL-300","AW3001376","GENERAL","Operativo","",""
"1350","1350","Lensómetro digital","TOPCON","CL-300","AW3001367","GENERAL","Operativo","",""
"1351","1351","Lensómetro digital","TOPCON","CL-300","2836732","GENERAL","Operativo","",""
"1352","1352","Litotriptor intracorpóreo","","","S/N","GENERAL","Operativo","",""
"1353","1353","Localizadores de ápice","NSK","IPEX II","17968","GENERAL","Operativo","",""
"1354","1354","Localizadores de ápice","NSK","IPEX II","17740","GENERAL","Operativo","",""
"1355","1355","Localizadores de ápice","NSK","IPEX II","17952","GENERAL","Operativo","",""
"1356","1356","Localizadores de ápice","NSK","IPEX II","17963","GENERAL","Operativo","",""
"1357","1357","Lupa con luz","","","S/N","GENERAL","Operativo","",""
"1358","1358","Lupa con luz","MIMSAL","LUPA LED HF","S/N","GENERAL","Operativo","",""
"1359","1359","Luz frontal","HEINE","ML-4-J-008.31.452","S/N","GENERAL","Operativo","",""
"1360","1360","Maceradora de chatas","HAIGH","QUATTRO","2172","CHATAS","Operativo","","1153E-2172"
"1361","1361","Maceradora de chatas","HAIGH","QUATTRO","2169","CHATAS","Operativo","","1153E-2169"
"1362","1362","Maceradora de chatas","HAIGH","QUATTRO","2171","CHATAS","Operativo","","1153E-2171"
"1363","1363","Mamógrafo 3D tomosíntesis","General Electric","Senographe Pristina 3D","821572bu5
","GENERAL","Operativo","","  (Tubo 160754TX7)"
"1364","1364","Máquina de anestesia (RNM)","PHILIPS","Ingenia Ambition S + IntelliSpace Workstation IX/LX","S/N","VENTILACION","Operativo","",""
"1365","1366","Maquina de anestesia","MINDRAY","A8","FX6-3B000066
","VENTILACION","Operativo","","  Monitor de alta complejidad F5-22036775
  Monitor de transporte AA3-1A041656
  Docking monitor N1 AA3F43241035
  Base de carga monitor N1 AA3E43241035
  Módulo de gasto cardíaco CF539461740
  Módulo BIS GED3A040623
  Módulo NMT CGB3B015756
  Vaporizador de desflurano AM6R39002981
  Vaporizador de sevoflurano DKJ39455535"
"1366","1369","Maquina de anestesia","MINDRAY","A8"," FX6-3B000067
","VENTILACION","Operativo","","  Monitor de alta complejidad F5-22036796
  Monitor de transporte AA3-1A041657
  Docking monitor N1 AA3F43241020
  Base de carga monitor N1 AA3E43240998
  Módulo BIS GED3A040622
  Módulo NMT CGB3B015757
  Vaporizador de desflurano AM6R39002980
  Vaporizador de sevoflurano DKJ39455554"
"1367","1370","Maquina de anestesia","MINDRAY","A8"," FX6-3B000065
","VENTILACION","Operativo","","  Monitor de alta complejidad F5-22036778
  Monitor de transporte AA3-1A041654
  Docking monitor N1 AA3F43241034
  Base de carga monitor N1 AA3E43241000
  Módulo BIS GED3A040623
  Módulo NMT CGB3B015755
  Vaporizador de desflurano AM6R39002977
  Vaporizador de sevoflurano DKJ39455536"
"1368","1371","Maquina de anestesia","MINDRAY","A8"," FX6-3B000068
","VENTILACION","Operativo","","  Monitor de alta complejidad F5-22036823
  Monitor de transporte AA3-1A041655
  Docking monitor N1 AA3F43241024
  Base de carga monitor N1 AA3E43240999
  Módulo de gasto cardíaco CF539457198
  Módulo BIS GED3A040643
  Módulo NMT CGB3B015758
  Vaporizador de desflurano AM6R39002978
  Vaporizador de sevoflurano DKJ39455537"
"1369","1373","Máquina de Diálisis","","","S/N","GENERAL","Operativo","",""
"1370","1374","Máquina de Diálisis","","","S/N","GENERAL","Operativo","",""
"1371","1375","Máquina de Diálisis","","","S/N","GENERAL","Operativo","",""
"1372","1376","Máquina de Diálisis","","","S/N","GENERAL","Operativo","",""
"1373","1377","Marcapasos Externo Unicameral","OSCOR","PACE 101H","2210007","GENERAL","Operativo","",""
"1374","1378","Marcapasos Externo Unicameral","OSCOR","PACE 101H","2205203","GENERAL","Operativo","",""
"1375","1379","Marcapasos Externo Unicameral","OSCOR","PACE 101H","2205204","GENERAL","Operativo","",""
"1376","1380","Marcapasos Externo Unicameral","OSCOR","PACE 101H","2210004","GENERAL","Operativo","",""
"1377","1381","Marcapasos Externo Unicameral","OSCOR","PACE 101H","2210005","GENERAL","Operativo","",""
"1378","1382","Marcapasos Externo Unicameral","OSCOR","PACE 101H","2210006","GENERAL","Operativo","",""
"1379","1383","Masas Terapéuticas plásticas con diferentes resistencias según colores (set completo)","cando","value putty","S/N","GENERAL","Operativo","",""
"1380","1384","Masas Terapéuticas plásticas con diferentes resistencias según colores (set completo)","cando","value putty","S/N","GENERAL","Operativo","",""
"1381","1385","Mechero","JOANLAB","DS900","S/N","GENERAL","Operativo","",""
"1382","1386","Mechero","JOANLAB","DS900","S/N","GENERAL","Operativo","",""
"1383","1387","Mechero","JOANLAB","DS900","S/N","GENERAL","Operativo","",""
"1384","1388","Medidor de FiO2","PRECISION MEDICAL","PM5950","896","GENERAL","Operativo","",""
"1385","1389","Mesa arsenalera chica","INOXSERVI","MESRIÑ","S/N","GENERAL","Operativo","",""
"1386","1390","Mesa arsenalera chica","INOXSERVI","MESRIÑ","S/N","GENERAL","Operativo","",""
"1387","1391","Mesa arsenalera chica","INOXSERVI","MESRIÑ","S/N","GENERAL","Operativo","",""
"1388","1392","Mesa arsenalera chica","INOXSERVI","MESRIÑ","S/N","GENERAL","Operativo","",""
"1389","1393","Mesa arsenalera chica","INOXSERVI","MESRIÑ","S/N","GENERAL","Operativo","",""
"1390","1394","Mesa arsenalera chica","INOXSERVI","MESRIÑ","S/N","GENERAL","Operativo","",""
"1391","1395","Mesa arsenalera chica","INOXSERVI","MESRIÑ","S/N","GENERAL","Operativo","",""
"1392","1396","Mesa arsenalera chica","INOXSERVI","MESRIÑ","S/N","GENERAL","Operativo","",""
"1393","1397","Mesa arsenalera chica","INOXSERVI","MESRIÑ","S/N","GENERAL","Operativo","",""
"1394","1398","Mesa Arsenalera Grande","INOXSERVI","MESARS","S/N","GENERAL","Operativo","",""
"1395","1399","Mesa Arsenalera Grande","INOXSERVI","MESARS","S/N","GENERAL","Operativo","",""
"1396","1400","Mesa Arsenalera Grande","INOXSERVI","MESARS","S/N","GENERAL","Operativo","",""
"1397","1401","Mesa Arsenalera Grande","INOXSERVI","MESARS","S/N","GENERAL","Operativo","",""
"1398","1402","Mesa Arsenalera Grande","INOXSERVI","MESARS","S/N","GENERAL","Operativo","",""
"1399","1403","Mesa Arsenalera Grande","INOXSERVI","MESARS","S/N","GENERAL","Operativo","",""
"1400","1404","Mesa de mano","NACIONAL","K160","S/N","GENERAL","Operativo","",""
"1401","1405","Mesa de mano","NACIONAL","K160","S/N","GENERAL","Operativo","",""
"1402","1406","Mesa de mano","NACIONAL","K160","S/N","GENERAL","Operativo","",""
"1403","1407","Mesa escotadura altura regulable","","","S/N","GENERAL","Operativo","",""
"1404","1408","Mesa escotadura altura regulable","FISIOMARKET","FM-AT03","S/N","GENERAL","Operativo","",""
"1405","1409","Mesa escotadura altura regulable","FISIOMARKET","FM-AT03","S/N","GENERAL","Operativo","",""
"1406","1410","Mesa Mayo","HSL","MM80125","S/N","GENERAL","Operativo","",""
"1407","1411","Mesa Mayo","HSL","MM80125","S/N","GENERAL","Operativo","",""
"1408","1412","Mesa Mayo","HSL","MM80125","S/N","GENERAL","Operativo","",""
"1409","1413","Mesa Mayo","HSL","MM80125","S/N","GENERAL","Operativo","",""
"1410","1414","Mesa Mayo","HSL","MM80125","S/N","GENERAL","Operativo","",""
"1411","1415","Mesa Mayo","HSL","MM80125","S/N","GENERAL","Operativo","",""
"1412","1416","Mesa Mayo","HSL","MM80125","S/N","GENERAL","Operativo","",""
"1413","1417","Mesa Mayo","HSL","MM80125","S/N","GENERAL","Operativo","",""
"1414","1418","Mesa Mayo","HSL","MM80125","S/N","GENERAL","Operativo","",""
"1415","1419","Mesa Mayo","HSL","MM80125","S/N","GENERAL","Operativo","",""
"1416","1420","Mesa Mayo","HSL","MM80125","S/N","GENERAL","Operativo","",""
"1417","1421","Mesa Mayo","HSL","MM80125","S/N","GENERAL","Operativo","",""
"1418","1422","Mesa Mayo","HSL","MM80125","S/N","GENERAL","Operativo","",""
"1419","1423","Mesa Mayo","HSL","MM80125","S/N","GENERAL","Operativo","",""
"1420","1424","Mesa Mayo","HSL","MM80125","S/N","GENERAL","Operativo","",""
"1421","1425","Mesa Mayo","HSL","MM80125","S/N","GENERAL","Operativo","",""
"1422","1426","Mesa Mayo","HSL","MM80125","S/N","GENERAL","Operativo","",""
"1423","1427","Mesa Mayo","HSL","MM80125","S/N","GENERAL","Operativo","",""
"1424","1428","Mesa Mayo","HSL","MM80125","S/N","GENERAL","Operativo","",""
"1425","1429","Mesa Mayo","HSL","MM80125","S/N","GENERAL","Operativo","",""
"1426","1430","Mesa Mayo","HSL","MM80125","S/N","GENERAL","Operativo","",""
"1427","1431","Mesa Mayo","HSL","MM80125","S/N","GENERAL","Operativo","",""
"1428","1432","Mesa Mayo","HSL","MM80125","S/N","GENERAL","Operativo","",""
"1429","1433","Mesa Mayo","HSL","MM80125","S/N","GENERAL","Operativo","",""
"1430","1434","Mesa Mayo","HSL","MM80125","S/N","GENERAL","Operativo","",""
"1431","1435","Mesa Mayo","HSL","MM80125","S/N","GENERAL","Operativo","",""
"1432","1436","Mesa Mayo","HSL","MM80125","S/N","GENERAL","Operativo","",""
"1433","1437","Mesa Mayo","HSL","MM80125","S/N","GENERAL","Operativo","",""
"1434","1438","Mesa Mayo","HSL","MM80125","S/N","GENERAL","Operativo","",""
"1435","1439","Mesa Mayo","HSL","MM80125","S/N","GENERAL","Operativo","",""
"1436","1440","Mesa Mayo","HSL","MM80125","S/N","GENERAL","Operativo","",""
"1437","1441","Mesa Mayo","HSL","MM80125","S/N","GENERAL","Operativo","",""
"1438","1442","Mesa Mayo","HSL","MM80125","S/N","GENERAL","Operativo","",""
"1439","1443","Mesa Mayo","HSL","MM80125","S/N","GENERAL","Operativo","",""
"1440","1444","Mesa Mayo","HSL","MM80125","S/N","GENERAL","Operativo","",""
"1441","1445","Mesa Mayo","HSL","MM80125","S/N","GENERAL","Operativo","",""
"1442","1446","Mesa Mayo","HSL","MM80125","S/N","GENERAL","Operativo","",""
"1443","1447","Mesa Mayo","HSL","MM80125","S/N","GENERAL","Operativo","",""
"1444","1448","Mesa Mayo","HSL","MM80125","S/N","GENERAL","Operativo","",""
"1445","1449","Mesa Mayo","HSL","MM80125","S/N","GENERAL","Operativo","",""
"1446","1450","Mesa Mayo","HSL","MM80125","S/N","GENERAL","Operativo","",""
"1447","1451","Mesa Mayo","HSL","MM80125","S/N","GENERAL","Operativo","",""
"1448","1452","Mesa Mayo","HSL","MM80125","S/N","GENERAL","Operativo","",""
"1449","1453","Mesa Mayo","HSL","MM80125","S/N","GENERAL","Operativo","",""
"1450","1454","Mesa Mayo","HSL","MM80125","S/N","GENERAL","Operativo","",""
"1451","1455","Mesa Mayo","HSL","MM80125","S/N","GENERAL","Operativo","",""
"1452","1456","Mesa Mayo","HSL","MM80125","S/N","GENERAL","Operativo","",""
"1453","1457","Mesa Mayo","HSL","MM80125","S/N","GENERAL","Operativo","",""
"1454","1458","Mesa Mayo","HSL","MM80125","S/N","GENERAL","Operativo","",""
"1455","1459","Mesa Mayo","HSL","MM80125","S/N","GENERAL","Operativo","",""
"1456","1460","Mesa para registro clínico","HSL","MP4050AI","S/N","GENERAL","Operativo","",""
"1457","1461","Mesa para trabajo de cuadriceps","FISIOMARKET","FMK-55","S/N","GENERAL","Operativo","",""
"1458","1462","Mesa Pasteur","HSL","MP4050AI","S/N","GENERAL","Operativo","",""
"1459","1463","Mesa Pasteur","HSL","MP4050AI","S/N","GENERAL","Operativo","",""
"1460","1464","Mesa Pasteur","HSL","MP4050AI","S/N","GENERAL","Operativo","",""
"1461","1465","Mesa Pasteur","HSL","MP4050AI","S/N","GENERAL","Operativo","",""
"1462","1466","Mesa Pasteur","HSL","MP4050AI","S/N","GENERAL","Operativo","",""
"1463","1467","Mesa Pasteur","HSL","MP4050AI","S/N","GENERAL","Operativo","",""
"1464","1468","Mesa Pasteur","HSL","MP4050AI","S/N","GENERAL","Operativo","",""
"1465","1469","Mesa preparación multipedido","","","S/N","GENERAL","Operativo","",""
"1466","1470","Mesa Quirúrgica traumatología","GETINGE MAQUET","MEERA","11792
","GENERAL","Operativo","","  Control inalámbrico 2365
  Estación de carga control inalámbrico 11212"
"1467","1471","Mesa Quirúrgica Universal","","","S/N","GENERAL","Operativo","",""
"1468","1472","Mesa Quirúrgica Universal","","","S/N","GENERAL","Operativo","",""
"1469","1473","Mesa Quirúrgica Universal","","","S/N","GENERAL","Operativo","",""
"1470","1474","Mesa Quirúrgica Universal","GETINGE MAQUET","MEERA","11805
","GENERAL","Operativo","","  Control inalámbrico 2364
  Estación de carga control inalámbrico 11205"
"1471","1475","Mesa Quirúrgica Universal","GETINGE MAQUET","MEERA","11800
","GENERAL","Operativo","","  Control inalámbrico 2369
  Estación de carga control inalámbrico 11212"
"1472","1476","Mesa rodable multiuso","INOXSERVI","MRM2","S/N","GENERAL","Operativo","",""
"1473","1477","Mesa Soporte Pelvipedio","","","S/N","GENERAL","Operativo","",""
"1474","1478","Mesa toma de muestras","MEDEX","MESA TOMA MUESTRA CON ALETAS","S/N","GENERAL","Operativo","",""
"1475","1479","Mesa toma de muestras","MEDEX","MESA TOMA MUESTRA CON ALETAS","S/N","GENERAL","Operativo","",""
"1476","1480","Mesón acero inoxidable 100x75x90 cm","SIN MARCA","SIN MODELO","S/N","GENERAL","Operativo","",""
"1477","1481","Mesón acero inoxidable 140x60x90 cm","SIN MARCA","SIN MODELO","S/N","GENERAL","Operativo","",""
"1478","1482","Mesón acero inoxidable 150x75x90 cm","SIN MARCA","SIN MODELO","S/N","GENERAL","Operativo","",""
"1479","1483","Mesón acero inoxidable 150x75x90 cm","SIN MARCA","SIN MODELO","S/N","GENERAL","Operativo","",""
"1480","1484","Mesón acero inoxidable 160x60x90 cm","SIN MARCA","SIN MODELO","S/N","GENERAL","Operativo","",""
"1481","1485","Mesón acero inoxidable 160x75x90 cm","SIN MARCA","SIN MODELO","S/N","GENERAL","Operativo","",""
"1482","1486","Mesón acero inoxidable 200x75x90 cm","SIN MARCA","SIN MODELO","S/N","GENERAL","Operativo","",""
"1483","1487","Mesón acero inoxidable 200x75x90 cm","SIN MARCA","SIN MODELO","S/N","GENERAL","Operativo","",""
"1484","1488","Mesón acero inoxidable 225x60x90 cm","SIN MARCA","SIN MODELO","S/N","GENERAL","Operativo","",""
"1485","1489","Mesón acero inoxidable 230x75x90 cm","SIN MARCA","SIN MODELO","S/N","GENERAL","Operativo","",""
"1486","1490","Mesón acero inoxidable 50x75x90 cm","SIN MARCA","SIN MODELO","S/N","GENERAL","Operativo","",""
"1487","1491","Mesón mural largo app 120 cm","","","S/N","GENERAL","Operativo","",""
"1488","1492","Mesón mural largo app 140 cm","MAQUISER","MM-1400","S/N","GENERAL","Operativo","",""
"1489","1493","Mesón para farmacia","AMUV DISEÑO MOBILIARIO","A MEDIDA","S/N","GENERAL","Operativo","",""
"1490","1494","Mezclador oxígeno aire","","","S/N","GENERAL","Operativo","",""
"1491","1495","Microcentrífuga de tubos","","","S/N","GENERAL","Operativo","",""
"1492","1496","Microdebridador","","","S/N","GENERAL","Operativo","",""
"1493","1497","Micromotor","NSK","FX205","A2262045
","GENERAL","Operativo","",""
"1494","1498","Micromotor","NSK","FX205","  A2260376
","GENERAL","Operativo","",""
"1495","1499","Micromotor","NSK","FX205","  B2332947","GENERAL","Operativo","",""
"1496","1500","Micromotor","NSK","FX205","A2262047
","GENERAL","Operativo","",""
"1497","1501","Micromotor","NSK","FX205","  A2260380
","GENERAL","Operativo","",""
"1498","1502","Micromotor","NSK","FX205","  B2332946","GENERAL","Operativo","",""
"1499","1503","Micromotor","NSK","FX205","A2262043
","GENERAL","Operativo","",""
"1500","1504","Micromotor","NSK","FX205","  A2260374
","GENERAL","Operativo","",""
"1501","1505","Micromotor","NSK","FX205","  B2332948","GENERAL","Operativo","",""
"1502","1506","Micromotor","NSK","FX205","A2262042
","GENERAL","Operativo","",""
"1503","1507","Micromotor","NSK","FX205","  A2260377
","GENERAL","Operativo","",""
"1504","1508","Micromotor","NSK","FX205","  B2332941","GENERAL","Operativo","",""
"1505","1509","Micromotor","NSK","FX205","A2262046
","GENERAL","Operativo","",""
"1506","1510","Micromotor","NSK","FX205","  A2260379
","GENERAL","Operativo","",""
"1507","1511","Micromotor","NSK","FX205","  B2332943","GENERAL","Operativo","",""
"1508","1512","Micromotor","NSK","FX205","A2262044
","GENERAL","Operativo","",""
"1509","1513","Micromotor","NSK","FX205","  A2260378
","GENERAL","Operativo","",""
"1510","1514","Micromotor","NSK","FX205","  B2332942","GENERAL","Operativo","",""
"1511","1515","Microscopio de Fluorescencia","","","S/N","GENERAL","Operativo","",""
"1512","1516","Microscopio de Otorrinolaringología","DFV","DECIUS MC-M1232","Microscopio 565 Monitor (marca Samsung)","GENERAL","Operativo","",""
"1513","1517","Microscopio Especular","TOPCON","SP-1P","Z450938","GENERAL","Operativo","",""
"1514","1518","Microscopio quirúrgico oftalmológico","ZEISS","OPMI LUMERA 700","6634150370","GENERAL","Operativo","",""
"1515","1519","Microscopio quirúrgico otorrinolaringológico","ZEISS","OPMI SENSERA","6628189890","GENERAL","Operativo","",""
"1516","1520","Microscopio universal","","","S/N","GENERAL","Operativo","",""
"1517","1521","Microscopio Universal con Cámara APA.","OLYMPUS","CX43","2K41162","GENERAL","Operativo","",""
"1518","1522","Microscopio Universal con Cámara APA.","OLYMPUS","CX43","2F40661","GENERAL","Operativo","",""
"1519","1523","Microscopio Universal con Cámara Laboratorio Clínico","OLYMPUS","CX43","2K41157
","GENERAL","Operativo","","  CABEZAL (U-CTR30-2) 2J08758
  CÁMARA (18-LC00-084) 23040095"
"1520","1524","Microscopio Universal con Polarización APA","OLYMPUS","CX43","2K41336 ","GENERAL","Operativo","",""
"1521","1525","Microscopio Universal con Polarización APA","OLYMPUS","CX43","2D04689","GENERAL","Operativo","",""
"1522","1526","Microscopio Universal con Polarización APA","OLYMPUS","CX43","2H13783","GENERAL","Operativo","",""
"1523","1527","Microscopio Universal con Polarización y Contraste Fase Laboratorio Clínico.","OLYMPUS","CX43","2H46788
","GENERAL","Operativo","","  CABEZAL 1 (U-CB130-2) 2DO4680
  *MICROSCOPIO 2 2H46793
  CABEZAL 2 (U-CB130-2) 2J03173"
"1524","1528","Microscopio Universal Laboratorio Clínico","OLYMPUS","CX43","2H46798
","GENERAL","Operativo","","  CABEZAL 2K03791"
"1525","1529","Microscopio Universal Laboratorio Clínico","OLYMPUS","CX43","2K41168
","GENERAL","Operativo","","  CABEZAL 2J03443"
"1526","1530","Microscopio Universal Laboratorio Clínico","OLYMPUS","CX43","2K41165
","GENERAL","Operativo","","  CABEZAL 2K03782"
"1527","1531","Microscopio Universal Laboratorio Clínico","OLYMPUS","CX43","","GENERAL","Operativo","","  CABEZAL 2J08856"
"1528","1532","Microscopio Universal Laboratorio Clínico","OLYMPUS","CX43","2K41171
","GENERAL","Operativo","","  CABEZAL 2J08861"
"1529","1533","Microscopio Universal Laboratorio Clínico","OLYMPUS","CX43","
  2K41173
","GENERAL","Operativo","","  CABEZAL 2K03775"
"1530","1534","Microscopio Universal Laboratorio Clínico","OLYMPUS","CX43","
  2K41164
","GENERAL","Operativo","","  CABEZAL 2K03764"
"1531","1535","Micrótomo Rotación semiautomático","LEICA BIOSYSTEMS","MULTICUT","02770 
","GENERAL","Operativo","","  UPS: 900032111110821"
"1532","1536","Minicentrífuga","","","S/N","GENERAL","Operativo","",""
"1533","1537","Minicentrífuga","","","S/N","GENERAL","Operativo","",""
"1534","1538","Minimotor quirúrgico trauma","STRYKER","COREW + TPX","S/N","GENERAL","Operativo","",""
"1535","1539","Miofeedback","","","S/N","GENERAL","Operativo","",""
"1536","1540","Monitor Cardiofetal","","","S/N","GENERAL","Operativo","",""
"1537","1541","Monitor Cardiofetal","Edan","F9","560053-M22512280007","GENERAL","Operativo","",""
"1538","1542","Monitor Cardiofetal","Edan","F9","560053-M22512280008","GENERAL","Operativo","",""
"1539","1543","Monitor Cardiofetal","","","S/N","GENERAL","Operativo","",""
"1540","1544","Monitor Cardiofetal","Edan","F9","560053-M22512280006","GENERAL","Operativo","",""
"1541","1545","Monitor de apnea","Schulte Elektronik","Siss baby control","23200019","GENERAL","Operativo","",""
"1542","1546","Monitor de apnea","Schulte Elektronik","Siss baby control","23200015","GENERAL","Operativo","",""
"1543","1547","Monitor de apnea","Schulte Elektronik","Siss baby control","23200016","GENERAL","Operativo","",""
"1544","1548","Monitor de apnea","Schulte Elektronik","Siss baby control","23200017","GENERAL","Operativo","",""
"1545","1549","Monitor de apnea","Schulte Elektronik","Siss baby control","23200018","GENERAL","Operativo","",""
"1546","1550","Monitor de signos vitales (RNM)","PHILIPS","Ingenia Ambition S + IntelliSpace Workstation IX/LX","S/N","MONITOREO","Operativo","",""
"1547","1551","Monitor de signos vitales básico","NIHON KOHDEN","SVM-7160K-T3","106388","MONITOREO","Operativo","",""
"1548","1552","Monitor de signos vitales básico","NIHON KOHDEN","SVM-7160K-T3","106391","MONITOREO","Operativo","",""
"1549","1553","Monitor de signos vitales básico","NIHON KOHDEN","SVM-7160K-T3","106243 ","MONITOREO","Operativo","",""
"1550","1554","Monitor de signos vitales básico","NIHON KOHDEN","SVM-7160K-T3","106404","MONITOREO","Operativo","",""
"1551","1555","Monitor de signos vitales básico","NIHON KOHDEN","SVM-7160K-T3","106328","MONITOREO","Operativo","",""
"1552","1556","Monitor de signos vitales básico","NIHON KOHDEN","SVM-7160K-T3","106395","MONITOREO","Operativo","",""
"1553","1557","Monitor de signos vitales básico","NIHON KOHDEN","SVM-7160K-T3","106393","MONITOREO","Operativo","",""
"1554","1558","Monitor de signos vitales básico","NIHON KOHDEN","SVM-7160K-T3","106390","MONITOREO","Operativo","",""
"1555","1559","Monitor de signos vitales básico","NIHON KOHDEN","SVM-7160K-T3","106398","MONITOREO","Operativo","",""
"1556","1560","Monitor de signos vitales básico","NIHON KOHDEN","SVM-7160K-T3","105552","MONITOREO","Operativo","",""
"1557","1561","Monitor de signos vitales básico","NIHON KOHDEN","SVM-7160K-T3","195456","MONITOREO","Operativo","",""
"1558","1562","Monitor de signos vitales básico","NIHON KOHDEN","SVM-7160K-T3","105444","MONITOREO","Operativo","",""
"1559","1563","Monitor de signos vitales básico","NIHON KOHDEN","SVM-7160K-T3","106374","MONITOREO","Operativo","",""
"1560","1564","Monitor de signos vitales básico","NIHON KOHDEN","SVM-7160K-T3","106357","MONITOREO","Operativo","",""
"1561","1565","Monitor de signos vitales básico","NIHON KOHDEN","SVM-7160K-T3","106359","MONITOREO","Operativo","",""
"1562","1566","Monitor de signos vitales básico","NIHON KOHDEN","SVM-7160K-T3","106362","MONITOREO","Operativo","",""
"1563","1567","Monitor de signos vitales básico","NIHON KOHDEN","SVM-7160K-T3","106363","MONITOREO","Operativo","",""
"1564","1568","Monitor de signos vitales básico","NIHON KOHDEN","SVM-7160K-T3","106364","MONITOREO","Operativo","",""
"1565","1569","Monitor de signos vitales básico","NIHON KOHDEN","SVM-7160K-T3","106365","MONITOREO","Operativo","",""
"1566","1570","Monitor de signos vitales básico","NIHON KOHDEN","SVM-7160K-T3","106366","MONITOREO","Operativo","",""
"1567","1571","Monitor de signos vitales básico","NIHON KOHDEN","SVM-7160K-T3","106370","MONITOREO","Operativo","",""
"1568","1572","Monitor de signos vitales básico","NIHON KOHDEN","SVM-7160K-T3","106372","MONITOREO","Operativo","",""
"1569","1573","Monitor de signos vitales básico","NIHON KOHDEN","SVM-7160K-T3","106351","MONITOREO","Operativo","",""
"1570","1574","Monitor de signos vitales básico","NIHON KOHDEN","SVM-7160K-T3","106330","MONITOREO","Operativo","",""
"1571","1575","Monitor de signos vitales básico","NIHON KOHDEN","SVM-7160K-T3","106331","MONITOREO","Operativo","",""
"1572","1576","Monitor de signos vitales básico","NIHON KOHDEN","SVM-7160K-T3","106335","MONITOREO","Operativo","",""
"1573","1577","Monitor de signos vitales básico","NIHON KOHDEN","SVM-7160K-T3","106336","MONITOREO","Operativo","",""
"1574","1578","Monitor de signos vitales básico","NIHON KOHDEN","SVM-7160K-T3","106338","MONITOREO","Operativo","",""
"1575","1579","Monitor de signos vitales básico","NIHON KOHDEN","SVM-7160K-T3","106342","MONITOREO","Operativo","",""
"1576","1580","Monitor de signos vitales básico","NIHON KOHDEN","SVM-7160K-T3","106345","MONITOREO","Operativo","",""
"1577","1581","Monitor de signos vitales básico","NIHON KOHDEN","SVM-7160K-T3","106346","MONITOREO","Operativo","",""
"1578","1582","Monitor de signos vitales básico","NIHON KOHDEN","SVM-7160K-T3","106347","MONITOREO","Operativo","",""
"1579","1583","Monitor de signos vitales básico","NIHON KOHDEN","SVM-7160K-T3","106349","MONITOREO","Operativo","",""
"1580","1584","Monitor de signos vitales básico","NIHON KOHDEN","SVM-7160K-T3","106350","MONITOREO","Operativo","",""
"1581","1585","Monitor de signos vitales básico","NIHON KOHDEN","SVM-7160K-T3","106402","MONITOREO","Operativo","",""
"1582","1586","Monitor de signos vitales básico","NIHON KOHDEN","SVM-7160K-T3","106405","MONITOREO","Operativo","",""
"1583","1587","Monitor de signos vitales básico","NIHON KOHDEN","SVM-7160K-T3","106407","MONITOREO","Operativo","",""
"1584","1588","Monitor de signos vitales básico","NIHON KOHDEN","SVM-7160K-T3","106408","MONITOREO","Operativo","",""
"1585","1589","Monitor de signos vitales básico","NIHON KOHDEN","SVM-7160K-T3","106409","MONITOREO","Operativo","",""
"1586","1590","Monitor de signos vitales básico","NIHON KOHDEN","SVM-7160K-T3","106411","MONITOREO","Operativo","",""
"1587","1591","Monitor de signos vitales básico","NIHON KOHDEN","SVM-7160K-T3","106413","MONITOREO","Operativo","",""
"1588","1592","Monitor de signos vitales básico","NIHON KOHDEN","SVM-7160K-T3","106421","MONITOREO","Operativo","",""
"1589","1593","Monitor de signos vitales básico","NIHON KOHDEN","SVM-7160K-T3","106424","MONITOREO","Operativo","",""
"1590","1594","Monitor de signos vitales básico","NIHON KOHDEN","SVM-7160K-T3","106376","MONITOREO","Operativo","",""
"1591","1595","Monitor de signos vitales básico","NIHON KOHDEN","SVM-7160K-T3","106375","MONITOREO","Operativo","",""
"1592","1596","Monitor de signos vitales básico","NIHON KOHDEN","SVM-7160K-T3","105510","MONITOREO","Operativo","",""
"1593","1597","Monitor de signos vitales básico","NIHON KOHDEN","SVM-7160K-T3","105446","MONITOREO","Operativo","",""
"1594","1598","Monitor de signos vitales básico","NIHON KOHDEN","SVM-7160K-T3","105500","MONITOREO","Operativo","",""
"1595","1599","Monitor de signos vitales básico","NIHON KOHDEN","SVM-7160K-T3","105565","MONITOREO","Operativo","",""
"1596","1600","Monitor de signos vitales básico","NIHON KOHDEN","SVM-7160K-T3","105558","MONITOREO","Operativo","",""
"1597","1601","Monitor de signos vitales básico","NIHON KOHDEN","SVM-7160K-T3","195410","MONITOREO","Operativo","",""
"1598","1602","Monitor de signos vitales básico","NIHON KOHDEN","SVM-7160K-T3","106343","MONITOREO","Operativo","",""
"1599","1603","Monitor de signos vitales básico","NIHON KOHDEN","SVM-7160K-T3","105574","MONITOREO","Operativo","",""
"1600","1604","Monitor de signos vitales básico","NIHON KOHDEN","SVM-7160K-T3","106361","MONITOREO","Operativo","",""
"1601","1605","Monitor de signos vitales básico","NIHON KOHDEN","SVM-7160K-T3","105421","MONITOREO","Operativo","",""
"1602","1606","Monitor de signos vitales básico","NIHON KOHDEN","SVM-7160K-T3","106383","MONITOREO","Operativo","",""
"1603","1607","Monitor de signos vitales básico","NIHON KOHDEN","SVM-7160K-T3","106377","MONITOREO","Operativo","",""
"1604","1608","Monitor de signos vitales básico","NIHON KOHDEN","SVM-7160K-T3","106392","MONITOREO","Operativo","",""
"1605","1609","Monitor de signos vitales básico","NIHON KOHDEN","SVM-7160K-T3","106406","MONITOREO","Operativo","",""
"1606","1610","Monitor de signos vitales básico","NIHON KOHDEN","SVM-7160K-T3","106380","MONITOREO","Operativo","",""
"1607","1611","Monitor de signos vitales básico","NIHON KOHDEN","SVM-7160K-T3","106382","MONITOREO","Operativo","",""
"1608","1612","Monitor de signos vitales básico","NIHON KOHDEN","SVM-7160K-T3","106396","MONITOREO","Operativo","",""
"1609","1613","Monitor de signos vitales básico","NIHON KOHDEN","SVM-7160K-T3","105512","MONITOREO","Operativo","",""
"1610","1614","Monitor de signos vitales básico","NIHON KOHDEN","SVM-7160K-T3","105553","MONITOREO","Operativo","",""
"1611","1615","Monitor de signos vitales básico","NIHON KOHDEN","SVM-7160K-T3","106417","MONITOREO","Operativo","",""
"1612","1616","Monitor de signos vitales básico","NIHON KOHDEN","SVM-7160K-T3","106415","MONITOREO","Operativo","",""
"1613","1617","Monitor de signos vitales básico","NIHON KOHDEN","SVM-7160K-T3","106416","MONITOREO","Operativo","",""
"1614","1618","Monitor de signos vitales básico","NIHON KOHDEN","SVM-7160K-T3","106418","MONITOREO","Operativo","",""
"1615","1619","Monitor de signos vitales básico","NIHON KOHDEN","SVM-7160K-T3","106341","MONITOREO","Operativo","",""
"1616","1620","Monitor de signos vitales básico","NIHON KOHDEN","SVM-7160K-T3","106334","MONITOREO","Operativo","",""
"1617","1621","Monitor de signos vitales básico","NIHON KOHDEN","SVM-7160K-T3","106397","MONITOREO","Operativo","",""
"1618","1622","Monitor de signos vitales básico","NIHON KOHDEN","SVM-7160K-T3","106399","MONITOREO","Operativo","",""
"1619","1623","Monitor de signos vitales básico","NIHON KOHDEN","SVM-7160K-T3","106378","MONITOREO","Operativo","",""
"1620","1624","Monitor de signos vitales básico","NIHON KOHDEN","SVM-7160K-T3","106381","MONITOREO","Operativo","",""
"1621","1625","Monitor de signos vitales básico","NIHON KOHDEN","SVM-7160K-T3","106403","MONITOREO","Operativo","",""
"1622","1626","Monitor de signos vitales básico","NIHON KOHDEN","SVM-7160K-T3","106410","MONITOREO","Operativo","",""
"1623","1627","Monitor de signos vitales básico","NIHON KOHDEN","SVM-7160K-T3","106385","MONITOREO","Operativo","",""
"1624","1628","Monitor de signos vitales básico","NIHON KOHDEN","SVM-7160K-T3","106419","MONITOREO","Operativo","",""
"1625","1629","Monitor de signos vitales básico","NIHON KOHDEN","SVM-7160K-T3","106384","MONITOREO","Operativo","",""
"1626","1630","Monitor de signos vitales básico","NIHON KOHDEN","SVM-7160K-T3","106368","MONITOREO","Operativo","",""
"1627","1631","Monitor de signos vitales básico","NIHON KOHDEN","SVM-7160K-T3","106339","MONITOREO","Operativo","",""
"1628","1632","Monitor de signos vitales básico","NIHON KOHDEN","SVM-7160K-T3","106337","MONITOREO","Operativo","",""
"1629","1633","Monitor de signos vitales básico","NIHON KOHDEN","SVM-7160K-T3","106389","MONITOREO","Operativo","",""
"1630","1634","Monitor de signos vitales básico","NIHON KOHDEN","SVM-7160K-T3","106387","MONITOREO","Operativo","",""
"1631","1635","Monitor de signos vitales básico","NIHON KOHDEN","SVM-7160K-T3","106401","MONITOREO","Operativo","",""
"1632","1636","Monitor de signos vitales básico","NIHON KOHDEN","SVM-7160K-T3","106386","MONITOREO","Operativo","",""
"1633","1637","Monitor de signos vitales básico","NIHON KOHDEN","SVM-7160K-T3","106340","MONITOREO","Operativo","",""
"1634","1638","Monitor de signos vitales básico","NIHON KOHDEN","SVM-7160K-T3","106348","MONITOREO","Operativo","",""
"1635","1639","Monitor de signos vitales básico","NIHON KOHDEN","SVM-7160K-T3","106379 ","MONITOREO","Operativo","",""
"1636","1640","Monitor de signos vitales básico","NIHON KOHDEN","SVM-7160K-T3","106394","MONITOREO","Operativo","",""
"1637","1641","Monitor de signos vitales básico","NIHON KOHDEN","SVM-7160K-T3","106371","MONITOREO","Operativo","",""
"1638","1642","Monitor de signos vitales básico","NIHON KOHDEN","SVM-7160K-T3","105550","MONITOREO","Operativo","",""
"1639","1643","Monitor de signos vitales básico","NIHON KOHDEN","SVM-7160K-T3","106400","MONITOREO","Operativo","",""
"1640","1644","Monitor de signos vitales básico","NIHON KOHDEN","SVM-7160K-T3","105498","MONITOREO","Operativo","",""
"1641","1645","Monitor de signos vitales básico","NIHON KOHDEN","SVM-7160K-T3","106360","MONITOREO","Operativo","",""
"1642","1646","Monitor de signos vitales básico","NIHON KOHDEN","SVM-7160K-T3","106353","MONITOREO","Operativo","",""
"1643","1647","Monitor de signos vitales básico","NIHON KOHDEN","SVM-7160K-T3","106356","MONITOREO","Operativo","",""
"1644","1648","Monitor de signos vitales básico","NIHON KOHDEN","SVM-7160K-T3","106358","MONITOREO","Operativo","",""
"1645","1649","Monitor de signos vitales básico","NIHON KOHDEN","SVM-7160K-T3","106420","MONITOREO","Operativo","",""
"1646","1650","Monitor de signos vitales básico","NIHON KOHDEN","SVM-7160K-T3","106367","MONITOREO","Operativo","",""
"1647","1651","Monitor de signos vitales básico","NIHON KOHDEN","SVM-7160K-T3","  106369","MONITOREO","Operativo","",""
"1648","1652","Monitor de signos vitales básico","NIHON KOHDEN","SVM-7160K-T3","
  106373","MONITOREO","Operativo","",""
"1649","1653","Monitor de signos vitales básico","NIHON KOHDEN","SVM-7160K-T3","
  106327","MONITOREO","Operativo","",""
"1650","1654","Monitor de signos vitales básico","NIHON KOHDEN","SVM-7160K-T3","
  106329","MONITOREO","Operativo","",""
"1651","1655","Monitor de signos vitales básico","NIHON KOHDEN","SVM-7160K-T3","
  106332","MONITOREO","Operativo","",""
"1652","1656","Monitor de signos vitales básico","NIHON KOHDEN","SVM-7160K-T3","
  106333","MONITOREO","Operativo","",""
"1653","1657","Monitor de signos vitales básico","NIHON KOHDEN","SVM-7160K-T3","105564","MONITOREO","Operativo","",""
"1654","1658","Monitor de signos vitales básico","NIHON KOHDEN","SVM-7160K-T3","106422","MONITOREO","Operativo","",""
"1655","1659","Monitor de signos vitales básico","NIHON KOHDEN","SVM-7160K-T3","106414","MONITOREO","Operativo","",""
"1656","1660","Monitor de signos vitales básico","NIHON KOHDEN","SVM-7160K-T3","106412","MONITOREO","Operativo","",""
"1657","1661","Monitor de signos vitales básico","NIHON KOHDEN","SVM-7160K-T3","106355","MONITOREO","Operativo","",""
"1658","1662","Monitor de signos vitales básico","NIHON KOHDEN","SVM-7160K-T3","106344","MONITOREO","Operativo","",""
"1659","1663","Monitor de signos vitales básico","NIHON KOHDEN","SVM-7160K-T3","106354","MONITOREO","Operativo","",""
"1660","1664","Monitor de signos vitales básico","NIHON KOHDEN","SVM-7160K-T3","106352","MONITOREO","Operativo","",""
"1661","1665","Monitor Desfibrilador con carro de transporte","NIHON KOHDEN","TEC-5631","6752","MONITOREO","Operativo","",""
"1662","1666","Monitor Desfibrilador con carro de transporte","NIHON KOHDEN","TEC-5631","6764","MONITOREO","Operativo","",""
"1663","1667","Monitor Desfibrilador con carro de transporte","NIHON KOHDEN","TEC-5631","6755","MONITOREO","Operativo","",""
"1664","1668","Monitor ECG alta complejidad","PHILIPS","MX550","S/N","MONITOREO","Operativo","",""
"1665","1669","Monitor ECG alta complejidad","PHILIPS","MX550","S/N","MONITOREO","Operativo","",""
"1666","1670","Monitor ECG alta complejidad","PHILIPS","MX550","S/N","MONITOREO","Operativo","",""
"1667","1671","Monitor ECG alta complejidad","PHILIPS","MX550","S/N","MONITOREO","Operativo","",""
"1668","1672","Monitor ECG alta complejidad","PHILIPS","MX550","S/N","MONITOREO","Operativo","",""
"1669","1673","Monitor ECG alta complejidad","PHILIPS","MX550","S/N","MONITOREO","Operativo","",""
"1670","1674","Monitor ECG alta complejidad","PHILIPS","MX550","S/N","MONITOREO","Operativo","",""
"1671","1675","Monitor ECG alta complejidad","PHILIPS","MX550","S/N","MONITOREO","Operativo","",""
"1672","1676","Monitor ECG alta complejidad","PHILIPS","MX550","S/N","MONITOREO","Operativo","",""
"1673","1677","Monitor ECG de baja complejidad","COMEN","N10","22231227004","MONITOREO","Operativo","",""
"1674","1678","Monitor ECG de baja complejidad","COMEN","N10","22231227001","MONITOREO","Operativo","",""
"1675","1679","Monitor ECG de baja complejidad","COMEN","N10","22231227003","MONITOREO","Operativo","",""
"1676","1680","Monitor ECG de baja complejidad","COMEN","N10","22231227002","MONITOREO","Operativo","",""
"1677","1681","Monitor ECG de baja complejidad","COMEN","N10","22231227005","MONITOREO","Operativo","",""
"1678","1682","Monitor ECG mediana complejidad","PHILIPS","","S/N","MONITOREO","Operativo","",""
"1679","1683","Monitor ECG mediana complejidad","PHILIPS","","S/N","MONITOREO","Operativo","",""
"1680","1684","Monitor ECG mediana complejidad","PHILIPS","","S/N","MONITOREO","Operativo","",""
"1681","1685","Monitor ECG mediana complejidad","PHILIPS","","S/N","MONITOREO","Operativo","",""
"1682","1686","Monitor ECG mediana complejidad","PHILIPS","MX450","S/N","MONITOREO","Operativo","",""
"1683","1687","Monitor ECG mediana complejidad","PHILIPS","MX450","S/N","MONITOREO","Operativo","",""
"1684","1688","Monitor ECG mediana complejidad","PHILIPS","MX450","S/N","MONITOREO","Operativo","",""
"1685","1689","Monitor ECG mediana complejidad","PHILIPS","MX450","S/N","MONITOREO","Operativo","",""
"1686","1690","Monitor ECG mediana complejidad","PHILIPS","MX450","S/N","MONITOREO","Operativo","",""
"1687","1691","Monitor ECG de baja complejidad de transporte","COMEN","N10","22231227006","MONITOREO","Operativo","",""
"1688","1692","Monitor ECG mediana complejidad","PHILIPS","MX450","S/N","MONITOREO","Operativo","",""
"1689","1693","Monitor ECG mediana complejidad","PHILIPS","MX450","S/N","MONITOREO","Operativo","",""
"1690","1694","Monitor ECG mediana complejidad","PHILIPS","MX450","S/N","MONITOREO","Operativo","",""
"1691","1695","Monitor ECG mediana complejidad","PHILIPS","MX450","S/N","MONITOREO","Operativo","",""
"1692","1696","Monitor ECG mediana complejidad","PHILIPS","MX450","S/N","MONITOREO","Operativo","",""
"1693","1697","Monitor ECG mediana complejidad","PHILIPS","MX450","S/N","MONITOREO","Operativo","",""
"1694","1698","Monitor ECG mediana complejidad","PHILIPS","MX450","S/N","MONITOREO","Operativo","",""
"1695","1699","Monitor ECG mediana complejidad","PHILIPS","MX450","S/N","MONITOREO","Operativo","",""
"1696","1700","Monitor ECG mediana complejidad","PHILIPS","MX450","S/N","MONITOREO","Operativo","",""
"1697","1701","Monitor ECG mediana complejidad","PHILIPS","MX450","S/N","MONITOREO","Operativo","",""
"1698","1702","Monitor ECG mediana complejidad","PHILIPS","MX450","S/N","MONITOREO","Operativo","",""
"1699","1703","Monitor ECG mediana complejidad","PHILIPS","MX450","S/N","MONITOREO","Operativo","",""
"1700","1704","Monitor ECG mediana complejidad","PHILIPS","MX450","S/N","MONITOREO","Operativo","",""
"1701","1705","Monitor ECG mediana complejidad","PHILIPS","MX450","S/N","MONITOREO","Operativo","",""
"1702","1706","Monitor ECG mediana complejidad","PHILIPS","MX450","S/N","MONITOREO","Operativo","",""
"1703","1707","Monitor ECG mediana complejidad","PHILIPS","MX450","S/N","MONITOREO","Operativo","",""
"1704","1708","Monitor ECG mediana complejidad","PHILIPS","MX450","S/N","MONITOREO","Operativo","",""
"1705","1709","Monitor ECG mediana complejidad","PHILIPS","MX450","S/N","MONITOREO","Operativo","",""
"1706","1710","Monitor ECG mediana complejidad","PHILIPS","MX450","S/N","MONITOREO","Operativo","",""
"1707","1711","Monitor ECG mediana complejidad","PHILIPS","MX450","S/N","MONITOREO","Operativo","",""
"1708","1712","Monitor ECG mediana complejidad","PHILIPS","MX450","S/N","MONITOREO","Operativo","",""
"1709","1713","Monitor ECG mediana complejidad","PHILIPS","MX450","S/N","MONITOREO","Operativo","",""
"1710","1714","Monitor ECG mediana complejidad","PHILIPS","MX450","S/N","MONITOREO","Operativo","",""
"1711","1715","Monitor ECG mediana complejidad","PHILIPS","MX450","S/N","MONITOREO","Operativo","",""
"1712","1716","Monitor ECG mediana complejidad","PHILIPS","MX450","S/N","MONITOREO","Operativo","",""
"1713","1717","Monitor ECG mediana complejidad","PHILIPS","MX450","S/N","MONITOREO","Operativo","",""
"1714","1718","Monitor ECG mediana complejidad","PHILIPS","MX450","S/N","MONITOREO","Operativo","",""
"1715","1719","Monitor ECG mediana complejidad","PHILIPS","MX450","S/N","MONITOREO","Operativo","",""
"1716","1720","Monitor ECG mediana complejidad de transporte","PHILIPS","INTELLIVUE X3","S/N","MONITOREO","Operativo","",""
"1717","1721","Monitor ECG mediana complejidad de transporte","PHILIPS","INTELLIVUE X3","S/N","MONITOREO","Operativo","",""
"1718","1722","Monitor ECG mediana complejidad de transporte","PHILIPS","INTELLIVUE X3","S/N","MONITOREO","Operativo","",""
"1719","1723","Monitor ECG mediana complejidad de transporte","PHILIPS","INTELLIVUE X3","S/N","MONITOREO","Operativo","",""
"1720","1724","Monitor función cerebral (EEGa)","","","S/N","MONITOREO","Operativo","",""
"1721","1725","Monitor gasto cardíaco","","","S/N","GENERAL","Operativo","",""
"1722","1726","Montura de prueba adulta y pediátrica","CANTON","CT 4301","S/N","GENERAL","Operativo","",""
"1723","1727","Montura de prueba adulta y pediátrica","CANTON","CT 4301","S/N","GENERAL","Operativo","",""
"1724","1728","Montura de prueba adulta y pediátrica","CANTON","CT 4301","S/N","GENERAL","Operativo","",""
"1725","1729","Motor maxilofacial para implantes","DEPUY SYNTHES","PIEZO ELECTRICO"," 215980007
","GENERAL","Operativo","","  Pedal Motor Máxilofacial para implante 913637003
  Tapa contenedor para esterilización Lote 52778633
  Contenedor esterilización Lote 52759138"
"1726","1730","Motor quirúrgico grandes fragmentos","DEPUY SYNTHES","MOTOR TRAUMA RECON SYSTEM (TRS)","Pieza de mano 30508","GENERAL","Operativo","","  Cardagor 14324 y10556"
"1727","1731","Motor quirúrgico grandes fragmentos","DEPUY SYNTHES","MOTOR TRAUMA RECON SYSTEM (TRS)","Pieza de mano 30496","GENERAL","Operativo","","  Cardagor 14324 y10556"
"1728","1732","Motor quirúrgico grandes fragmentos","DEPUY SYNTHES","MOTOR TRAUMA RECON SYSTEM (TRS)","Pieza de mano 30459.","GENERAL","Operativo","","  Cardagor 14324 y10556"
"1729","1733","Motor quirúrgico otorrino con Microdebridador","MEDTRONIC","Integrated Power console / Straighshot M4 Microdebrider / Motor ENT MR8","ENTC 87774
","GENERAL","Operativo","","  Microdebridador Straighshot M4 U02850
  Motor ORL ENT MR8 22C0446E
  Pedal FS-U17858"
"1730","1734","Motor quirúrgico pequeños fragmentos","STRYKER","CORDLESS DRIVER SYSTEM 8"," 2231401713","GENERAL","Operativo","","  2 cargadores de batería 2234812393"
"1731","1735","Motor quirúrgico pequeños fragmentos","STRYKER","CORDLESS DRIVER SYSTEM 8","2311431503","GENERAL","Operativo","","  2 cargadores de batería 2234812393"
"1732","1736","Motor quirúrgico pequeños fragmentos","STRYKER","CORDLESS DRIVER SYSTEM 8","2312408163","GENERAL","Operativo","","  2 cargadores de batería 2234812393"
"1733","1737","Motores de laboratorio (desgaste acrílicos)","","","S/N","GENERAL","Operativo","",""
"1734","1738","Motores de laboratorio (desgaste acrílicos)","","","S/N","GENERAL","Operativo","",""
"1735","1739","Motores de laboratorio (desgaste acrílicos)","","","S/N","GENERAL","Operativo","",""
"1736","1740","Motores de laboratorio (desgaste acrílicos)","","","S/N","GENERAL","Operativo","",""
"1737","1741","Movilizador pasivo-asistido-activo ee.ii","MOTOMED","MOTOMED LOOP P.L 206.040","S/N","GENERAL","Operativo","",""
"1738","1742","Movilizador pasivo-asistido-activo ee.ss","MOTOMED","MOTOMED LOOP P.L 206.040","S/N","GENERAL","Operativo","",""
"1739","1743","Nebulizador Ultrasónico","YUWELL","403E","S/N","GENERAL","Operativo","",""
"1740","1744","Nebulizador Ultrasónico","YUWELL","403E","S/N","GENERAL","Operativo","",""
"1741","1745","Nebulizador Ultrasónico","YUWELL","403E","S/N","GENERAL","Operativo","",""
"1742","1746","Nebulizador Ultrasónico","YUWELL","403E","S/N","GENERAL","Operativo","",""
"1743","1747","Nebulizador Ultrasónico","YUWELL","403E","S/N","GENERAL","Operativo","",""
"1744","1748","Nebulizador Ultrasónico","YUWELL","403E","S/N","GENERAL","Operativo","",""
"1745","1749","Nebulizador Ultrasónico","YUWELL","403E","S/N","GENERAL","Operativo","",""
"1746","1750","Nebulizador Ultrasónico","YUWELL","403E","S/N","GENERAL","Operativo","",""
"1747","1751","Nebulizador Ultrasónico","YUWELL","403E","S/N","GENERAL","Operativo","",""
"1748","1752","Nefroscopio con Set de dilatación Telescopado y Antena Flexible","RZ MEDIZINTECHNIK","Instrumental nefroscopio","S/N","GENERAL","Operativo","",""
"1749","1753","Negatoscopio","MPLENT","ZG-1B","ZG230502129","GENERAL","Operativo","",""
"1750","1754","Negatoscopio","MPLENT","ZG-1B","ZG230502049","GENERAL","Operativo","",""
"1751","1755","Negatoscopio","MPLENT","ZG-1B","ZG230502033","GENERAL","Operativo","",""
"1752","1756","Negatoscopio","MPLENT","ZG-1B","ZG230418080","GENERAL","Operativo","",""
"1753","1757","Negatoscopio","MPLENT","ZG-1B","ZG230502140","GENERAL","Operativo","",""
"1754","1758","Negatoscopio","MPLENT","ZG-1B","ZG230418134","GENERAL","Operativo","",""
"1755","1759","Negatoscopio","MPLENT","ZG-1B","ZG230418062","GENERAL","Operativo","",""
"1756","1760","Negatoscopio","MPLENT","ZG-1B","ZG230502132","GENERAL","Operativo","",""
"1757","1761","Negatoscopio","MPLENT","ZG-1B","ZG230502043","GENERAL","Operativo","",""
"1758","1762","Negatoscopio","MPLENT","ZG-1B","ZG230418107","GENERAL","Operativo","",""
"1759","1763","Negatoscopio","MPLENT","ZG-1B","ZG230418081","GENERAL","Operativo","",""
"1760","1764","Negatoscopio","MPLENT","ZG-1B","ZG230502095","GENERAL","Operativo","",""
"1761","1765","Negatoscopio","MPLENT","ZG-1B","ZG230502141","GENERAL","Operativo","",""
"1762","1766","Negatoscopio","MPLENT","ZG-1B","ZG230418166","GENERAL","Operativo","",""
"1763","1767","Negatoscopio","MPLENT","ZG-1B","ZG230418108","GENERAL","Operativo","",""
"1764","1768","Negatoscopio","MPLENT","ZG-1B","ZG230502044","GENERAL","Operativo","",""
"1765","1769","Negatoscopio","MPLENT","ZG-1B","ZG230502145","GENERAL","Operativo","",""
"1766","1770","Negatoscopio","MPLENT","ZG-1B","ZG230502126","GENERAL","Operativo","",""
"1767","1771","Negatoscopio","MPLENT","ZG-1B","ZG230502139","GENERAL","Operativo","",""
"1768","1772","Negatoscopio","MPLENT","ZG-1B","ZG230418078","GENERAL","Operativo","",""
"1769","1773","Negatoscopio","MPLENT","ZG-1B","ZG230502032","GENERAL","Operativo","",""
"1770","1774","Negatoscopio","MPLENT","ZG-1B","ZG230502148","GENERAL","Operativo","",""
"1771","1775","Negatoscopio","MPLENT","ZG-1B","ZG230418131","GENERAL","Operativo","",""
"1772","1776","Negatoscopio","MPLENT","ZG-1B","ZG230502142","GENERAL","Operativo","",""
"1773","1777","Negatoscopio","MPLENT","ZG-1B","ZG230502127","GENERAL","Operativo","",""
"1774","1778","Negatoscopio","MPLENT","ZG-1B","ZG230418109","GENERAL","Operativo","",""
"1775","1779","Negatoscopio","MPLENT","ZG-1B","ZG230502097","GENERAL","Operativo","",""
"1776","1780","Negatoscopio Cuatro Caras","MPLENT","ZG-3B","ZG230911016","GENERAL","Operativo","",""
"1777","1781","Negatoscopio Cuatro Caras","MPLENT","ZG-3B","ZG230911019","GENERAL","Operativo","",""
"1778","1782","Negatoscopio Cuatro Caras","MPLENT","ZG-3B","ZG230911020","GENERAL","Operativo","",""
"1779","1783","Negatoscopio Cuatro Caras","MPLENT","ZG-3B","ZG230911017","GENERAL","Operativo","",""
"1780","1784","Negatoscopio Cuatro Caras","MPLENT","ZG-3B","ZG230911015","GENERAL","Operativo","",""
"1781","1785","Negatoscopio Cuatro Caras","MPLENT","ZG-3B","ZG230911018","GENERAL","Operativo","",""
"1782","1786","Negatoscopio portátil","MPLENT","ZG-1B + Soporte de Mesas","ZG230502130
  ZG230418110","GENERAL","Operativo","",""
"1783","1787","Negatoscopio portátil","MPLENT","ZG-1B + Soporte de Mesas","ZG230502096","GENERAL","Operativo","",""
"1784","1788","Negatoscopio portátil","MPLENT","ZG-1B + Soporte de Mesas","ZG230418091","GENERAL","Operativo","",""
"1785","1789","NIRS (Espectroscopía del infrarrojo cercano)","INVOS","7100","NIRS ACMB003473
","GENERAL","Operativo","","  SOPORTE ACN1006028
  AMPLIFICADOR 1 6032344147
  AMPLIFICADOS 2 6032344146"
"1786","1790","Oftalmoscopio directo","HEINE","C-261.28.388","1108341358","GENERAL","Operativo","",""
"1787","1791","Oftalmoscopio directo","HEINE","C-261.28.388","1108341522","GENERAL","Operativo","",""
"1788","1792","Oftalmoscopio directo","HEINE","C-261.28.388","1108341521","GENERAL","Operativo","",""
"1789","1793","Oftalmoscopio indirecto","HEINE","SIGMA 250 C-008.33.325","1106001012","GENERAL","Operativo","",""
"1790","1794","Olla Térmica para ferulaje (Termoplásticos), 17.4 Lts.","KINETEC","MANOSPLINT MODELO 28 LTS /MANOSPLINT 56 LITROS","S/N","GENERAL","Operativo","",""
"1791","1795","Olla Térmica para ferulaje (Termoplásticos), 37.9 Lts.","KINETEC","MANOSPLINT MODELO 28 LTS /MANOSPLINT 56 LITROS","S/N","GENERAL","Operativo","",""
"1792","1796","Otooftalmoscopio","HEINE","K 180 + NT4","S/N","GENERAL","Operativo","",""
"1793","1797","Otooftalmoscopio","HEINE","K 180 + NT4","S/N","GENERAL","Operativo","",""
"1794","1798","Otooftalmoscopio","HEINE","K 180 + NT4","S/N","GENERAL","Operativo","",""
"1795","1799","Otooftalmoscopio","HEINE","K 180 + NT4","S/N","GENERAL","Operativo","",""
"1796","1800","Otooftalmoscopio","HEINE","K 180 + NT4","S/N","GENERAL","Operativo","",""
"1797","1801","Otooftalmoscopio","HEINE","K 180 + NT4","S/N","GENERAL","Operativo","",""
"1798","1802","Otooftalmoscopio","HEINE","K 180 + NT4","S/N","GENERAL","Operativo","",""
"1799","1803","Otooftalmoscopio","HEINE","K 180 + NT4","S/N","GENERAL","Operativo","",""
"1800","1804","Otooftalmoscopio","HEINE","K 180 + NT4","S/N","GENERAL","Operativo","",""
"1801","1805","Otooftalmoscopio","HEINE","K 180 + NT4","S/N","GENERAL","Operativo","",""
"1802","1806","Otooftalmoscopio","HEINE","K 180 + NT4","S/N","GENERAL","Operativo","",""
"1803","1807","Otooftalmoscopio","HEINE","K 180 + NT4","S/N","GENERAL","Operativo","",""
"1804","1808","Otooftalmoscopio","HEINE","K 180 + NT4","S/N","GENERAL","Operativo","",""
"1805","1809","Otoscopio","ADC","DIAGNOSTIX 3.5V","S/N","GENERAL","Operativo","",""
"1806","1810","Otoscopio","ADC","DIAGNOSTIX 3.5V","S/N","GENERAL","Operativo","",""
"1807","1811","Oxímetro ambiental","PRECISION MEDICAL","PM5900","6536","GENERAL","Operativo","",""
"1808","1812","Oxímetro ambiental","PRECISION MEDICAL","PM5900","6537","GENERAL","Operativo","",""
"1809","1813","Oxímetro ambiental","PRECISION MEDICAL","PM5900","6538","GENERAL","Operativo","",""
"1810","1814","Oxímetro ambiental","PRECISION MEDICAL","PM5900","6535","GENERAL","Operativo","",""
"1811","1815","Oxímetro de Pulso","Bitmos","SAT801+","77236379","GENERAL","Operativo","",""
"1812","1816","Oxímetro de pulso","Winland","G1B","
  G1BU4A026","GENERAL","Operativo","",""
"1813","1817","Oxímetro de pulso","Winland","G1B","
  G1BU20060
","GENERAL","Operativo","",""
"1814","1818","Oxímetro de pulso","Winland","G1B","
  G1BU4A026","GENERAL","Operativo","",""
"1815","1819","Oxímetro de pulso","Winland","G1B","G1BU4A032
","GENERAL","Operativo","",""
"1816","1820","Oxímetro de pulso","Winland","G1B","  G1BU20056","GENERAL","Operativo","",""
"1817","1821","Oxímetro de pulso","Winland","G1B","G1BUA4027
","GENERAL","Operativo","",""
"1818","1822","Oxímetro de pulso","Winland","G1B","  G1BU20059","GENERAL","Operativo","",""
"1819","1823","Oxímetro de pulso","Winland","G1B","G1BA0028","GENERAL","Operativo","",""
"1820","1824","Oxímetro de pulso","Winland","G1B","G1BU4A033","GENERAL","Operativo","",""
"1821","1825","Oxímetro de pulso","Winland","G1B","G1BU20057","GENERAL","Operativo","",""
"1822","1826","Oxímetro de pulso","Winland","G1B","G1BTA0027","GENERAL","Operativo","",""
"1823","1827","Oxímetro de pulso","","","S/N","GENERAL","Operativo","",""
"1824","1828","Paquímetro ultrasónico","TOMEY","SP-3000","257908","GENERAL","Operativo","",""
"1825","1829","Parlantes","","","S/N","GENERAL","Operativo","",""
"1826","1830","Piezas de tatami 1 x 1 x 0,5 cm","Qrubber","PAP100TA25","S/N","GENERAL","Operativo","",""
"1827","1831","Pimómetro","PowerBreathe","KH2","Pimómetro y carro: 210203-0358","GENERAL","Operativo","",""
"1828","1832","Pimómetro","PowerBreathe","KH2","Pimómetro y carro 2: 210203-0354","GENERAL","Operativo","",""
"1829","1833","Pimómetro","PowerBreathe","KH2","Pimómetro y carro 3: 210203-0356","GENERAL","Operativo","",""
"1830","1834","Pimómetro","PowerBreathe","KH2","Pimómetro y carro 4: 210203-0355","GENERAL","Operativo","",""
"1831","1835","Pimómetro","PowerBreathe","KH2"," Pimómetro y carro 5: 210203-0357","GENERAL","Operativo","",""
"1832","1836","Piscina con pelotas","Plastimar","MK-01E","S/N","GENERAL","Operativo","",""
"1833","1837","Piso para turbión","FISIOMARKET","FM-H34","S/N","GENERAL","Operativo","",""
"1834","1838","Pistola de agua","HEGA-MEDICAL","DINA (HEGA)","S/N","GENERAL","Operativo","",""
"1835","1839","Pistola de agua/aire","MATTES INSTRUMENTE GmbH","DINA","S/N","GENERAL","Operativo","",""
"1836","1840","Pistola de agua/aire","MATTES INSTRUMENTE GmbH","DINA","S/N","GENERAL","Operativo","",""
"1837","1841","Pistola de Criocirugía","Brymill","CRY-AC","04231491TM","GENERAL","Operativo","",""
"1838","1842","Pizarra Interactiva","","","S/N","GENERAL","Operativo","",""
"1839","1843","Pizarra Interactiva","","","S/N","GENERAL","Operativo","",""
"1840","1844","Pizarra Interactiva","","","S/N","GENERAL","Operativo","",""
"1841","1845","Placa fría","","","S/N","GENERAL","Operativo","",""
"1842","1846","Plano Inclinado","FISIOMARKET","FM-H34","S/N","GENERAL","Operativo","",""
"1843","1847","Plano Inclinado","FISIOMARKET","FM-H34","S/N","GENERAL","Operativo","",""
"1844","1848","POC","","","S/N","GENERAL","Operativo","",""
"1845","1849","POC","","","S/N","GENERAL","Operativo","",""
"1846","1850","Porta delantales plomados","KIRAN","Storage 5 Aprons","S/N","GENERAL","Operativo","",""
"1847","1851","Porta delantales plomados","KIRAN","Storage 5 Aprons","S/N","GENERAL","Operativo","",""
"1848","1852","Porta delantales plomados","KIRAN","Storage 5 Aprons","S/N","GENERAL","Operativo","",""
"1849","1853","Porta delantales plomados","KIRAN","Storage 5 Aprons","S/N","GENERAL","Operativo","",""
"1850","1854","Porta delantales plomados","KIRAN","Storage 5 Aprons","S/N","GENERAL","Operativo","",""
"1851","1855","Porta delantales plomados","KIRAN","Storage 5 Aprons","S/N","GENERAL","Operativo","",""
"1852","1856","Porta delantales plomados","KIRAN","Storage 5 Aprons","S/N","GENERAL","Operativo","",""
"1853","1857","Porta delantales plomados","KIRAN","Storage 5 Aprons","S/N","GENERAL","Operativo","",""
"1854","1858","Porta delantales plomados","KIRAN","Storage 5 Aprons","S/N","GENERAL","Operativo","",""
"1855","1859","Porta delantales plomados","KIRAN","Storage 5 Aprons","S/N","GENERAL","Operativo","",""
"1856","1860","Porta delantales plomados","KIRAN","Storage 5 Aprons","S/N","GENERAL","Operativo","",""
"1857","1861","Porta delantales plomados","KIRAN","Storage 5 Aprons","S/N","GENERAL","Operativo","",""
"1858","1862","Porta delantales plomados","KIRAN","Storage 5 Aprons","S/N","GENERAL","Operativo","",""
"1859","1863","Porta delantales plomados","KIRAN","Storage 5 Aprons","S/N","GENERAL","Operativo","",""
"1860","1864","Porta lavatorio con lavatorio","","","S/N","GENERAL","Operativo","",""
"1861","1865","Porta lavatorio con lavatorio","","","S/N","GENERAL","Operativo","",""
"1862","1866","Porta lavatorio con lavatorio","","","S/N","GENERAL","Operativo","",""
"1863","1867","Porta lavatorio con lavatorio","","","S/N","GENERAL","Operativo","",""
"1864","1868","Porta lavatorio con lavatorio","","","S/N","GENERAL","Operativo","",""
"1865","1869","Porta lavatorio con lavatorio","","","S/N","GENERAL","Operativo","",""
"1866","1870","Porta-suero (RNM)","PHILIPS","Ingenia Ambition S + IntelliSpace Workstation IX/LX","S/N","GENERAL","Operativo","",""
"1867","1871","Potencial evocado auditivo (screening)","Grason-Stadler","NOVUS","GS0094688","GENERAL","Operativo","",""
"1868","1872","Potenciales auditivos evocados de tronco cerebral (BERA)","Grason-Stadler","AUDERA PRO","S/N","GENERAL","Operativo","",""
"1869","1873","Potenciales auditivos evocados de tronco cerebral (BERA)","","","S/N","GENERAL","Operativo","",""
"1870","1874","Potenciales auditivos evocados de tronco cerebral (BERA)","Grason-Stadler","AUDERA PRO","S/N","GENERAL","Operativo","",""
"1871","1875","Procesador Automático de Tejidos 100","LEICA BIOSYSTEMS","PEARL","1335","GENERAL","Operativo","",""
"1872","1876","Procesador Automático de Tejidos 200","LEICA BIOSYSTEMS","PEARL","S/N","GENERAL","Operativo","",""
"1873","1877","Proyector de optotipo","","","S/N","GENERAL","Operativo","",""
"1874","1878","Proyector de optotipo","HUVITZ","HCP 7000","7PC00C22L0001","GENERAL","Operativo","",""
"1875","1879","Proyector de optotipo","HUVITZ","HCP 7000","7PC00C22L0008","GENERAL","Operativo","",""
"1876","1880","Puntero Cefálico","handilife","puntero","S/N","GENERAL","Operativo","",""
"1877","1881","Puntero Cefálico","handilife","puntero","S/N","GENERAL","Operativo","",""
"1878","1882","Puntero Cefálico","handilife","puntero","S/N","GENERAL","Operativo","",""
"1879","1883","Rayos X intraoral digital","PLANMECA","PROX DC + VISTA SCAN MINI VIEW","IPX039979
","GENERAL","Operativo","","  (Tubo ITPX19038494, Digitalizador P463899226, UPS 320421BS30000048, Estabilizador voltaje 22105-1371)"
"1880","1884","Rayos X intraoral digital","PLANMECA","PROX DC + VISTA SCAN MINI VIEW","IPX039986
","GENERAL","Operativo","","  (Tubo ITPX190385-03, Digitalizador P463899228, UPS 320421BS30000068, Estabilizador 22105-1372)"
"1881","1885","Rayos X osteopulmonar a techo","PHILIPS","DIGITALDIAGNOST C90","23860508","GENERAL","Operativo","","Tubo 68855A283193 y 283193"
"1882","1886","Rayos X osteopulmonar a techo","PHILIPS","DIGITALDIAGNOST C90","23860509","GENERAL","Operativo","","Tubo 69088A283775 y 283775"
"1883","1887","Rayos X osteopulmonar a techo","PHILIPS","DIGITALDIAGNOST C90","23860510","GENERAL","Operativo","","Tubo 69089A283735 y 283735"
"1884","1888","Rayos X portátil","SAMSUNG","GM85","S/N","GENERAL","Operativo","",""
"1885","1889","Rayos X portátil","SAMSUNG","GM85","S/N","GENERAL","Operativo","",""
"1886","1890","Rectoscopio - anoscopio","","","S/N","GENERAL","Operativo","",""
"1887","1891","Reenvasadora de medicamentos","Opuspac","30GBC200"," 1 MUH0064","GENERAL","Operativo","","  Cortador blister BCC0036
  Alimentador AACC0042
  ALIMENTADOR AACC0044
  UPS 1 900032309040513
  UPS 2 900062308190050
  PC MPNX535180IN/MP2DLBY7"
"1888","1892","Reenvasadora de medicamentos","Opuspac","30GBC200","MUH0058","GENERAL","Operativo","","  Cortador blister BCC0036
  Alimentador AACC0042
  ALIMENTADOR AACC0044
  UPS 1 900032309040513
  UPS 2 900062308190050
  PC MPNX535180IN/MP2DLBY7"
"1889","1893","Reenvasadora de medicamentos","Opuspac","30GBC200","S/N","GENERAL","Operativo","",""
"1890","1894","Reenvasadora de medicamentos","Opuspac","30GBC200","S/N","GENERAL","Operativo","",""
"1891","1895","Refrigerador - Congelador clínico vertical app 370 l 8° a -40°C (Refrigeradores y Congeladores Laboratorio Clínico)","HAIER BIOMEDICAL","HYC-85GD","S/N","REFRIGERACION","Operativo","",""
"1892","1896","Refrigerador app 150 l 2° a 8°C","MELING","YC-130L","S/N","REFRIGERACION","Operativo","",""
"1893","1897","Refrigerador Bajo Mesón 68L app","HAIER BIOMEDICAL","HYC-68A","S/N","REFRIGERACION","Operativo","",""
"1894","1898","Refrigerador Bajo Mesón 68L app","HAIER BIOMEDICAL","HYC-68A","S/N","REFRIGERACION","Operativo","",""
"1895","1899","Refrigerador Bajo Mesón 68L app (Refrigeradores Anatomía Patológica)","HAIER BIOMEDICAL","HYC-68A","BE069 TE0N0 0QEP2 A0041","REFRIGERACION","Operativo","",""
"1896","1900","Refrigerador Bajo Mesón 68L app (Refrigeradores y Congeladores Laboratorio Clínico)","HAIER BIOMEDICAL","HYC-85GD","S/N","REFRIGERACION","Operativo","",""
"1897","1901","Refrigerador banco de sangre app 390 l 2° a 8°C","","","S/N","REFRIGERACION","Operativo","",""
"1898","1902","Refrigerador banco de sangre app 390 l 2° a 8°C","","","S/N","REFRIGERACION","Operativo","",""
"1899","1903","Refrigerador banco de sangre app 390 l 2° a 8°C","","","S/N","REFRIGERACION","Operativo","",""
"1900","1904","Refrigerador Clínico 100L","HAIER BIOMEDICAL","HYC-85GD","BE15Q 2E000 0QEPA N0050","REFRIGERACION","Operativo","",""
"1901","1905","Refrigerador Clínico 100L","HAIER BIOMEDICAL","HYC-85GD","BE15Q 2E000 0QEPA N0003","REFRIGERACION","Operativo","",""
"1902","1906","Refrigerador Clínico 100L","HAIER BIOMEDICAL","HYC-85GD","BE15Q 2E000 0QEPA N0043","REFRIGERACION","Operativo","",""
"1903","1907","Refrigerador Clínico 100L","HAIER BIOMEDICAL","HYC-85GD","BE15Q 2E000 0QEPA N0007","REFRIGERACION","Operativo","",""
"1904","1908","Refrigerador Clínico 100L","HAIER BIOMEDICAL","HYC-85GD","BE15Q 2E000 0QEPA N0005","REFRIGERACION","Operativo","",""
"1905","1909","Refrigerador Clínico 100L","HAIER BIOMEDICAL","HYC-85GD","BE15Q 2E000 0QEPA N0020","REFRIGERACION","Operativo","",""
"1906","1910","Refrigerador Clínico 100L","HAIER BIOMEDICAL","HYC-85GD","BE15Q 2E000 0QEPA N0009","REFRIGERACION","Operativo","",""
"1907","1911","Refrigerador Clínico 100L","HAIER BIOMEDICAL","HYC-85GD","BE15Q 2E000 0QEPA N0037","REFRIGERACION","Operativo","",""
"1908","1912","Refrigerador Clínico 100L","HAIER BIOMEDICAL","HYC-85GD","BE15Q 2E000 0QEPA N0013","REFRIGERACION","Operativo","",""
"1909","1913","Refrigerador Clínico 100L","HAIER BIOMEDICAL","HYC-85GD","BE15Q 2E000 0QEPA N0047","REFRIGERACION","Operativo","",""
"1910","1914","Refrigerador Clínico 100L","HAIER BIOMEDICAL","HYC-85GD","BE15Q 2E000 0QEPA N0040","REFRIGERACION","Operativo","",""
"1911","1915","Refrigerador Clínico 100L","HAIER BIOMEDICAL","HYC-85GD","BE15Q 2E000 0QEPA N0041","REFRIGERACION","Operativo","",""
"1912","1916","Refrigerador Clínico 100L","HAIER BIOMEDICAL","HYC-85GD","BE15Q 2E000 0QEPA N0029","REFRIGERACION","Operativo","",""
"1913","1917","Refrigerador Clínico 100L","HAIER BIOMEDICAL","HYC-85GD","BE15Q 2E000 0QEPA N0022","REFRIGERACION","Operativo","",""
"1914","1918","Refrigerador Clínico 100L","HAIER BIOMEDICAL","HYC-85GD","BE15Q 2E000 0QEPA N0025","REFRIGERACION","Operativo","",""
"1915","1919","Refrigerador Clínico 100L","HAIER BIOMEDICAL","HYC-85GD","BE15Q 2E000 0QEPA N0014","REFRIGERACION","Operativo","",""
"1916","1920","Refrigerador Clínico 100L","HAIER BIOMEDICAL","HYC-85GD","BE15Q 2E000 0QEPA N0044","REFRIGERACION","Operativo","",""
"1917","1921","Refrigerador Clínico 100L","HAIER BIOMEDICAL","HYC-85GD","BE15Q 2E000 0QEPA N0024","REFRIGERACION","Operativo","",""
"1918","1922","Refrigerador Clínico 100L","HAIER BIOMEDICAL","HYC-85GD","BE15Q 2E000 0QEPA N0048","REFRIGERACION","Operativo","",""
"1919","1923","Refrigerador Clínico 100L","HAIER BIOMEDICAL","HYC-85GD","BE15Q 2E000 0QEPA N0021","REFRIGERACION","Operativo","",""
"1920","1924","Refrigerador Clínico 100L","HAIER BIOMEDICAL","HYC-85GD","BE15Q 2E000 0QEPA N0052","REFRIGERACION","Operativo","",""
"1921","1925","Refrigerador Clínico 100L","HAIER BIOMEDICAL","HYC-85GD","BE15Q 2E000 0QEPA N0053","REFRIGERACION","Operativo","",""
"1922","1926","Refrigerador Clínico 100L","HAIER BIOMEDICAL","HYC-85GD","BE15Q 2E000 0QEPA N0010","REFRIGERACION","Operativo","",""
"1923","1927","Refrigerador Clínico 250L app","HAIER BIOMEDICAL","HYC-290","BE06M CEAQ0 0QEP2 F0034","REFRIGERACION","Operativo","",""
"1924","1928","Refrigerador Clínico 250L app","HAIER BIOMEDICAL","HYC-290","BE06M CEAQ0 0QEP2 F0024","REFRIGERACION","Operativo","",""
"1925","1929","Refrigerador Clínico 250L app (Refrigeradores y Congeladores Laboratorio Clínico)","HAIER BIOMEDICAL","HYC-85GD","S/N","REFRIGERACION","Operativo","",""
"1926","1930","Refrigerador Clínico 80L 2° a 8°C","HAIER BIOMEDICAL","HYC-85GD","S/N","REFRIGERACION","Operativo","",""
"1927","1931","Refrigerador Clínico 80L 2° a 8°C","HAIER BIOMEDICAL","HYC-85GD","S/N","REFRIGERACION","Operativo","",""
"1928","1932","Refrigerador clínico app 100 l 2° a 8°C (Refrigeradores y Congeladores Laboratorio Clínico)","HAIER BIOMEDICAL","HYC-85GD","S/N","REFRIGERACION","Operativo","",""
"1929","1933","Refrigerador clínico app 100 l 2° a 8°C (Refrigeradores y Congeladores Laboratorio Clínico)","HAIER BIOMEDICAL","HYC-85GD","S/N","REFRIGERACION","Operativo","",""
"1930","1934","Refrigerador clínico app 200 l 2° a 8°C","","","S/N","REFRIGERACION","Operativo","",""
"1931","1935","Refrigerador clínico app 250 L (Refrigeradores Anatomía Patológica)","HAIER BIOMEDICAL","HYC-290","BE06M CEAQ0 0QEP2 F0034","REFRIGERACION","Operativo","",""
"1932","1936","Refrigerador clínico app 250 L (Refrigeradores Anatomía Patológica)","HAIER BIOMEDICAL","HYC-290","BE06M CEAQ0 0QEP1 60010","REFRIGERACION","Operativo","",""
"1933","1937","Refrigerador clínico app 300 l 1° a 10 °C","","","S/N","REFRIGERACION","Operativo","",""
"1934","1938","Refrigerador clínico app 300 l 1° a 10 °C (Refrigeradores y Congeladores Laboratorio Clínico)","HAIER BIOMEDICAL","HYC-85GD","S/N","REFRIGERACION","Operativo","",""
"1935","1939","Refrigerador clínico app 420 l 2° a 8°C","MELING","YC-395L","S/N","REFRIGERACION","Operativo","",""
"1936","1940","Refrigerador clínico app 420 l 2° a 8°C","HAIER BIOMEDICAL","HYC-390","BE06M 8EAQ0 0QEP4 40015","REFRIGERACION","Operativo","",""
"1937","1941","Refrigerador clínico app 420 l 2° a 8°C (Refrigeradores y Congeladores Laboratorio Clínico)","HAIER BIOMEDICAL","HYC-85GD","S/N","REFRIGERACION","Operativo","",""
"1938","1942","Refrigerador clínico app 420 l 2° a 8°C (Refrigeradores y Congeladores Laboratorio Clínico)","HAIER BIOMEDICAL","HYC-85GD","S/N","REFRIGERACION","Operativo","",""
"1939","1943","Refrigerador clínico app 420 l 2° a 8°C (Refrigeradores y Congeladores Laboratorio Clínico)","HAIER BIOMEDICAL","HYC-85GD","S/N","REFRIGERACION","Operativo","",""
"1940","1944","Refrigerador clínico app 420 l 2° a 8°C (Refrigeradores y Congeladores Laboratorio Clínico)","HAIER BIOMEDICAL","HYC-85GD","S/N","REFRIGERACION","Operativo","",""
"1941","1945","Refrigerador clínico app 420 l 2° a 8°C (Refrigeradores y Congeladores Laboratorio Clínico)","HAIER BIOMEDICAL","HYC-85GD","S/N","REFRIGERACION","Operativo","",""
"1942","1946","Refrigerador clínico app 420 l 2° a 8°C (Refrigeradores y Congeladores Laboratorio Clínico)","HAIER BIOMEDICAL","HYC-85GD","S/N","REFRIGERACION","Operativo","",""
"1943","1947","Refrigerador clínico app 420 l 2° a 8°C (Refrigeradores y Congeladores Laboratorio Clínico)","HAIER BIOMEDICAL","HYC-85GD","S/N","REFRIGERACION","Operativo","",""
"1944","1948","Refrigerador clínico app 420 l 2° a 8°C (Refrigeradores y Congeladores Laboratorio Clínico)","HAIER BIOMEDICAL","HYC-85GD","S/N","REFRIGERACION","Operativo","",""
"1945","1949","Refrigerador clínico app 600 l 2° a 8°C","MELING","YC-525L","S/N","REFRIGERACION","Operativo","",""
"1946","1950","Refrigerador clínico app 600 l 2° a 8°C","MELING","YC-650L","S/N","REFRIGERACION","Operativo","",""
"1947","1951","Refrigerador clínico con control t° app 420 l 2° a 8°C","MELING","YC-395L","S/N","REFRIGERACION","Operativo","",""
"1948","1952","Refrigerador clínico con control t° app 420 l 2° a 8°C","MELING","YC-395L","S/N","REFRIGERACION","Operativo","",""
"1949","1953","Resonador Magnético Nuclear 1,5 T","PHILIPS","Ingenia Ambition S + IntelliSpace Workstation IX/LX","S/N","GENERAL","Operativo","",""
"1950","1954","Retinoscopio","HEINE","BETA 200 C-034.28.388","1108774163","GENERAL","Operativo","",""
"1951","1955","Retinoscopio","HEINE","BETA 200 C-034.28.388","1108808526","GENERAL","Operativo","",""
"1952","1956","Retinoscopio","HEINE","BETA 200 C-034.28.388","1108909098","GENERAL","Operativo","",""
"1953","1957","Rinomanómetro","ATMOS","Cube Rhino 31","S/N","GENERAL","Operativo","",""
"1954","1958","Rodillos de facilitación","","","S/N","GENERAL","Operativo","",""
"1955","1959","RX, Arco en C","GENERAL ELECTRIC","OEC ELITE CFD 31 CM","
FBXXTE02817 

  ","GENERAL","Operativo","","  Año Fabricación: 19-04-2024 
  N° Serie de Tubo Rx: 224375BC6
  Año Fabricación Tubo: Marzo-2024 
  N° Serie de Laser Aiming Device: 2403130001
  Año Fabricación Laser Aiming Device: Abril-2024 
  N° Serie de H.V. Generator: 142741527-A12519
  Año Fabricación Generator: Abril-2024 
  N° Serie de Beam Limiting Divice: X0034828006968
  Año Fabricación Beam Limiting Divice: Abril-2024 
  N° Serie de Image Receptor: H2663744
  Año Fabricación Image Receptor: Abril-2024"
"1956","1960","RX, Arco en C","GENERAL ELECTRIC","OEC ELITE CFD 31 CM","FBXXTE02816 
","GENERAL","Operativo","","  Año Fabricación: 12-04-2024 
  N° Serie de Tubo Rx: 223282BC5
  Año Fabricación Tubo: Febrero-2024 
  N° Serie de Laser Aiming Device: 2403130008
  Año Fabricación Laser Aiming Device: Abril-2024 
  N° Serie de H.V. Generator: 142741528-A12518
  Año Fabricación Generator: Abril-2024 
  N° Serie de Beam Limiting Divice: X0034828006966
  Año Fabricación Beam Limiting Divice: Abril-2024 
  N° Serie de Image Receptor: H2663741
  Año Fabricación Image Receptor: Abril-2024"
"1957","1961","Scanner de microtubos","","","S/N","GENERAL","Operativo","",""
"1958","1962","Secadora de endoscopios","TORVAL MEDICAL","DRI STOR SERIE HPT","8258","GENERAL","Operativo","",""
"1959","1963","Secadora de tubos","","","S/N","GENERAL","Operativo","",""
"1960","1964","Sellador de bolsas","FRESENIUS KABI","COMPOSEAL MOBILEA","21NKF10668
","GENERAL","Operativo","",""
"1961","1965","Sellador de bolsas","FRESENIUS KABI","COMPOSEAL MOBILEA","
  21NKF10716","GENERAL","Operativo","",""
"1962","1966","Sellador de bolsas","DELCON","HEMOWELD TABLE","S/N","GENERAL","Baja","",""
"1963","1967","Selladora de papel bilaminado","HAWO","650.02S ECO PACK","S/N","GENERAL","Operativo","",""
"1964","1968","Selladora de papel bilaminado automatizado","HAWO","HM 8000 AS","S/N","GENERAL","Operativo","",""
"1965","1969","Selladora de papel bilaminado con impresora","HAWO","950","S/N","GENERAL","Operativo","",""
"1966","1970","Servidor Dispensadores","OMNICELL","XT","S/N","GENERAL","Operativo","",""
"1967","1971","Set Balón Medicinal","OK PRO","MEDICINAL CON REBOTE","S/N","GENERAL","Operativo","",""
"1968","1972","Set Balón Medicinal","","","S/N","GENERAL","Operativo","",""
"1969","1973","Set Cuñas Posicionadoras","Plastimar","MK-282H","S/N","GENERAL","Operativo","",""
"1970","1974","Set Cuñas Posicionadoras","Plastimar","MK-282H","S/N","GENERAL","Operativo","",""
"1971","1975","Set de inmovilizadores","","","S/N","GENERAL","Operativo","",""
"1972","1976","Set de inmovilizadores","","","S/N","GENERAL","Operativo","",""
"1973","1977","Set de pelotas ejercitadoras mano","cando","cando ball y eggserciser","S/N","GENERAL","Operativo","",""
"1974","1978","Set de pelotas ejercitadoras mano","cando","cando ball y eggserciser","S/N","GENERAL","Operativo","",""
"1975","1979","Set de pesas brazalete","OK PRO","PESAS TOBILLO","S/N","GENERAL","Operativo","",""
"1976","1980","Set de pesas brazalete","OK PRO","PESAS TOBILLO","S/N","GENERAL","Operativo","",""
"1977","1981","Set de Pinzas (Get a grip)","Kingssman","get a grip","S/N","GENERAL","Operativo","",""
"1978","1982","Set de Pinzas (Get a grip)","Kingssman","get a grip","S/N","GENERAL","Operativo","",""
"1979","1983","Set de polea ext sup e inf","","","S/N","GENERAL","Operativo","",""
"1980","1984","Set de Prensiones finas en altura (Tricky Tree)","CANDO","GRADED PINCH EXERCISER","S/N","GENERAL","Operativo","",""
"1981","1985","Set de Prensiones finas en altura (Tricky Tree)","CANDO","GRADED PINCH EXERCISER","S/N","GENERAL","Operativo","",""
"1982","1986","Set de reanimación","","","S/N","GENERAL","Operativo","",""
"1983","1987","Set diagnóstico mural","ADC","DIAGNOSTIX 3.5V ADSTATION LED","103457","GENERAL","Operativo","",""
"1984","1988","Set diagnóstico mural","ADC","DIAGNOSTIX 3.5V ADSTATION LED","103382","GENERAL","Operativo","",""
"1985","1989","Set diagnóstico mural","ADC","DIAGNOSTIX 3.5V ADSTATION LED","103331","GENERAL","Operativo","",""
"1986","1990","Set diagnóstico mural","ADC","DIAGNOSTIX 3.5V ADSTATION LED","103095","GENERAL","Operativo","",""
"1987","1991","Set diagnóstico mural","ADC","DIAGNOSTIX 3.5V ADSTATION LED","103470","GENERAL","Operativo","",""
"1988","1992","Set diagnóstico mural","ADC","DIAGNOSTIX 3.5V ADSTATION LED","102996","GENERAL","Operativo","",""
"1989","1993","Set diagnóstico mural","ADC","DIAGNOSTIX 3.5V ADSTATION LED","102447","GENERAL","Operativo","",""
"1990","1994","Set diagnóstico mural","ADC","DIAGNOSTIX 3.5V ADSTATION LED","103332","GENERAL","Operativo","",""
"1991","1995","Set diagnóstico mural","ADC","DIAGNOSTIX 3.5V ADSTATION LED","103324","GENERAL","Operativo","",""
"1992","1996","Set diagnóstico mural","ADC","DIAGNOSTIX 3.5V ADSTATION LED","102583","GENERAL","Operativo","",""
"1993","1997","Set diagnóstico mural","ADC","DIAGNOSTIX 3.5V ADSTATION LED","101546","GENERAL","Operativo","",""
"1994","1998","Set diagnóstico mural","ADC","DIAGNOSTIX 3.5V ADSTATION LED","103325","GENERAL","Operativo","",""
"1995","1999","Set diagnóstico mural","ADC","DIAGNOSTIX 3.5V ADSTATION LED","103405","GENERAL","Operativo","",""
"1996","2000","Set diagnóstico mural","ADC","DIAGNOSTIX 3.5V ADSTATION LED","102719","GENERAL","Operativo","",""
"1997","2001","Set diagnóstico mural","ADC","DIAGNOSTIX 3.5V ADSTATION LED","103413","GENERAL","Operativo","",""
"1998","2002","Set diagnóstico mural","ADC","DIAGNOSTIX 3.5V ADSTATION LED","103409","GENERAL","Operativo","",""
"1999","2003","Set diagnóstico mural","ADC","DIAGNOSTIX 3.5V ADSTATION LED","103120","GENERAL","Operativo","",""
"2000","2004","Set diagnóstico mural","ADC","DIAGNOSTIX 3.5V ADSTATION LED","103221","GENERAL","Operativo","",""
"2001","2005","Set diagnóstico mural","ADC","DIAGNOSTIX 3.5V ADSTATION LED","103416","GENERAL","Operativo","",""
"2002","2006","Set diagnóstico mural","ADC","DIAGNOSTIX 3.5V ADSTATION LED","102805","GENERAL","Operativo","",""
"2003","2007","Set diagnóstico mural","ADC","DIAGNOSTIX 3.5V ADSTATION LED","102728","GENERAL","Operativo","",""
"2004","2008","Set diagnóstico mural","ADC","DIAGNOSTIX 3.5V ADSTATION LED","103459","GENERAL","Operativo","",""
"2005","2009","Set diagnóstico mural","ADC","DIAGNOSTIX 3.5V ADSTATION LED","103397","GENERAL","Operativo","",""
"2006","2010","Set diagnóstico mural","ADC","DIAGNOSTIX 3.5V ADSTATION LED","102745","GENERAL","Operativo","",""
"2007","2011","Set diagnóstico mural","ADC","DIAGNOSTIX 3.5V ADSTATION LED","103443","GENERAL","Operativo","",""
"2008","2012","Set diagnóstico mural","ADC","DIAGNOSTIX 3.5V ADSTATION LED","102413","GENERAL","Operativo","",""
"2009","2013","Set Estribos para Tracción","","","S/N","GENERAL","Operativo","",""
"2010","2014","Set intubación difícil","","","S/N","GENERAL","Operativo","",""
"2011","2015","Set intubación difícil","","","S/N","GENERAL","Operativo","",""
"2012","2016","Set Laringoscopio (RNM)","PHILIPS","Ingenia Ambition S + IntelliSpace Workstation IX/LX","S/N","GENERAL","Operativo","",""
"2013","2017","Set mancuernas","Fisiomarket","Rack mancuernas vinilo","S/N","GENERAL","Operativo","",""
"2014","2018","Set mancuernas","Fisiomarket","Rack mancuernas vinilo","S/N","GENERAL","Operativo","",""
"2015","2019","Set material didáctico estimulación lenguaje y cognitiva","VARIAS","JUGUETES","S/N","GENERAL","Operativo","",""
"2016","2020","Sierra autopsia","ANATHOMIC SOLUTIONS","MDZN-PORT","8541","GENERAL","Operativo","",""
"2017","2021","Sierra oscilante","AMNOTEC GMBH","48-100-00","30530","GENERAL","Operativo","",""
"2018","2022","Sierra oscilante","AMNOTEC GMBH","48-105-00","30536
  30535","GENERAL","Operativo","",""
"2019","2023","Sierra oscilante con aspiración","AMNOTEC GMBH","48-105-00"," 30526 
","GENERAL","Operativo","","  Sistemas aspiración: 200492"
"2020","2024","Sierra oscilante con aspiración","AMNOTEC GMBH","48-105-00","30537
","GENERAL","Operativo","","  Sistemas aspiración: 200489"
"2021","13235","Silla de ruedas","CLINICON SPA","1693 - SILLA DE RUEDAS – AR CON PLETINA","SR001","CARROS","Operativo","",""
"2022","2026","Silla de ruedas","CLINICON SPA","1693 - SILLA DE RUEDAS – AR CON PLETINA","SR002","CARROS","Operativo","",""
"2023","2027","Silla de ruedas","CLINICON SPA","1693 - SILLA DE RUEDAS – AR CON PLETINA","SR003","CARROS","Operativo","",""
"2024","2028","Silla de ruedas","CLINICON SPA","1693 - SILLA DE RUEDAS – AR CON PLETINA","SR004","CARROS","Operativo","",""
"2025","2029","Silla de ruedas","CLINICON SPA","1693 - SILLA DE RUEDAS – AR CON PLETINA","SR005","CARROS","Operativo","",""
"2026","2030","Silla de ruedas","CLINICON SPA","1693 - SILLA DE RUEDAS – AR CON PLETINA","SR006","CARROS","Operativo","",""
"2027","2031","Silla de ruedas","CLINICON SPA","1693 - SILLA DE RUEDAS – AR CON PLETINA","SR007","CARROS","Operativo","",""
"2028","2032","Silla de ruedas","CLINICON SPA","1693 - SILLA DE RUEDAS – AR CON PLETINA","SR008","CARROS","Operativo","",""
"2029","2033","Silla de ruedas","CLINICON SPA","1693 - SILLA DE RUEDAS – AR CON PLETINA","SR009","CARROS","Operativo","",""
"2030","2034","Silla de ruedas","CLINICON SPA","1693 - SILLA DE RUEDAS – AR CON PLETINA","SR010","CARROS","Operativo","",""
"2031","2035","Silla de ruedas","CLINICON SPA","1693 - SILLA DE RUEDAS – AR CON PLETINA","SR011","CARROS","Operativo","",""
"2032","2036","Silla de ruedas","CLINICON SPA","1693 - SILLA DE RUEDAS – AR CON PLETINA","S/N","CARROS","Operativo","",""
"2033","2037","Silla de ruedas","CLINICON SPA","1693 - SILLA DE RUEDAS – AR CON PLETINA","S/N","CARROS","Operativo","",""
"2034","2038","Silla de ruedas","CLINICON SPA","1693 - SILLA DE RUEDAS – AR CON PLETINA","S/N","CARROS","Operativo","",""
"2035","2039","Silla de ruedas","CLINICON SPA","1693 - SILLA DE RUEDAS – AR CON PLETINA","S/N","CARROS","Operativo","",""
"2036","2040","Silla de ruedas","CLINICON SPA","1693 - SILLA DE RUEDAS – AR CON PLETINA","S/N","CARROS","Operativo","",""
"2037","2041","Silla de ruedas","CLINICON SPA","1693 - SILLA DE RUEDAS – AR CON PLETINA","S/N","CARROS","Operativo","",""
"2038","2042","Silla de ruedas","CLINICON SPA","1693 - SILLA DE RUEDAS – AR CON PLETINA","S/N","CARROS","Operativo","",""
"2039","2043","Silla de ruedas","CLINICON SPA","1693 - SILLA DE RUEDAS – AR CON PLETINA","S/N","CARROS","Operativo","",""
"2040","2044","Silla de ruedas","CLINICON SPA","1693 - SILLA DE RUEDAS – AR CON PLETINA","S/N","CARROS","Operativo","",""
"2041","2045","Silla de ruedas","CLINICON SPA","1693 - SILLA DE RUEDAS – AR CON PLETINA","S/N","CARROS","Operativo","",""
"2042","2046","Silla de ruedas","CLINICON SPA","1693 - SILLA DE RUEDAS – AR CON PLETINA","S/N","CARROS","Operativo","",""
"2043","2047","Silla de ruedas","CLINICON SPA","1693 - SILLA DE RUEDAS – AR CON PLETINA","S/N","CARROS","Operativo","",""
"2044","2048","Silla de ruedas","CLINICON SPA","1693 - SILLA DE RUEDAS – AR CON PLETINA","S/N","CARROS","Operativo","",""
"2045","2049","Silla de ruedas","CLINICON SPA","1693 - SILLA DE RUEDAS – AR CON PLETINA","S/N","CARROS","Operativo","",""
"2046","2050","Silla de ruedas","CLINICON SPA","1693 - SILLA DE RUEDAS – AR CON PLETINA","S/N","CARROS","Operativo","",""
"2047","2051","Silla de ruedas (RNM)","PHILIPS","Ingenia Ambition S + IntelliSpace Workstation IX/LX","S/N","CARROS","Operativo","",""
"2048","2052","Silla de ruedas bariátrica","MEYRA GMBH","SILLA DE RUEDAS ESTANDAR BARIATRICA MEYRA 2.850","S/N","CARROS","Operativo","",""
"2049","2053","Silla de ruedas neurológica","-","-","S/N","CARROS","Operativo","",""
"2050","2054","Silla de ruedas niños","COMFORT ORTHOPEDIC CO., LTD","SILLA DE RUEDAS PEDIATRICA INFANTIL GROWIN","S/N","CARROS","Operativo","",""
"2051","2055","Silla de ruedas niños","COMFORT ORTHOPEDIC CO., LTD","SILLA DE RUEDAS PEDIATRICA INFANTIL GROWIN","S/N","CARROS","Operativo","",""
"2052","2056","Sillas Universitarias","","","S/N","GENERAL","Operativo","",""
"2053","2057","Sillas Universitarias","","","S/N","GENERAL","Operativo","",""
"2054","2058","Sillas Universitarias","","","S/N","GENERAL","Operativo","",""
"2055","2059","Sillas Universitarias","","","S/N","GENERAL","Operativo","",""
"2056","2060","Sillín dentista","","","S/N","GENERAL","Operativo","",""
"2057","2061","Sillín dentista","","","S/N","GENERAL","Operativo","",""
"2058","2062","Sillín dentista","","","S/N","GENERAL","Operativo","",""
"2059","2063","Sillín dentista","","","S/N","GENERAL","Operativo","",""
"2060","2064","Sillín dentista","","","S/N","GENERAL","Operativo","",""
"2061","2065","Sillín dentista","","","S/N","GENERAL","Operativo","",""
"2062","2066","Sillón 1 cuerpo","","","S/N","GENERAL","Operativo","",""
"2063","2067","Sillón 1 cuerpo","","","S/N","GENERAL","Operativo","",""
"2064","2068","Sillón 1 cuerpo Sala lactancia","","","S/N","GENERAL","Operativo","",""
"2065","2069","Sillón 1 cuerpo Sala lactancia","","","S/N","GENERAL","Operativo","",""
"2066","2070","Sillón Clínico","SAIKANG","SKE-087","S/N","GENERAL","Operativo","",""
"2067","2071","Sillón Clínico","SAIKANG","SKE-087","SKE08723097004","GENERAL","Operativo","",""
"2068","2072","Sillón Clínico","SAIKANG","SKE-087","SKE08723097008","GENERAL","Operativo","",""
"2069","2073","Sillón Clínico","SAIKANG","SKE-087","SKE08723097010","GENERAL","Operativo","",""
"2070","2074","Sillón Clínico","SAIKANG","SKE-087","SKE08723097013","GENERAL","Operativo","",""
"2071","2075","Sillón Clínico","SAIKANG","SKE-087","SKE08723097014","GENERAL","Operativo","",""
"2072","2076","Sillón clínico de extracción","Terumo Penpol","DC200","2021103250","GENERAL","Operativo","",""
"2073","2077","Sillón clínico de extracción","Terumo Penpol","DC200","2021023148","GENERAL","Operativo","",""
"2074","2078","Sillón clínico de extracción","Terumo Penpol","DC200","2022013313","GENERAL","Operativo","",""
"2075","2079","Sillón clínico de extracción","Terumo Penpol","DC200","2021123289","GENERAL","Operativo","",""
"2076","2080","Sillón Clínico eléctrico","LINET","NEW PURA","ODA2816","GENERAL","Operativo","",""
"2077","2081","Sillón Clínico eléctrico","LINET","NEW PURA","ODA2819","GENERAL","Operativo","",""
"2078","2082","Sillón Clínico eléctrico","LINET","NEW PURA","ODA2814
","GENERAL","Operativo","",""
"2079","2083","Sillón Clínico eléctrico","LINET","NEW PURA","
  ODA2812","GENERAL","Operativo","",""
"2080","2084","Sillón Clínico eléctrico","LINET","NEW PURA","ODA2811
","GENERAL","Operativo","",""
"2081","2085","Sillón Clínico eléctrico","LINET","NEW PURA","
  ODA2817
","GENERAL","Operativo","",""
"2082","2086","Sillón Clínico eléctrico","LINET","NEW PURA","
  ODA2810
","GENERAL","Operativo","",""
"2083","2087","Sillón Clínico eléctrico","LINET","NEW PURA","
  ODA2815
","GENERAL","Operativo","",""
"2084","2088","Sillón Clínico eléctrico","LINET","NEW PURA","
  ODA2813
","GENERAL","Operativo","",""
"2085","2089","Sillón Clínico eléctrico","LINET","NEW PURA","
  ODA2808
","GENERAL","Operativo","",""
"2086","2090","Sillón Clínico eléctrico","LINET","NEW PURA","
  ODA2807
","GENERAL","Operativo","",""
"2087","2091","Sillón Clínico eléctrico","LINET","NEW PURA","
  ODA2809
","GENERAL","Operativo","",""
"2088","2092","Sillón Clínico eléctrico","LINET","NEW PURA","
  ODA2818
","GENERAL","Operativo","",""
"2089","2093","Sillón Clínico eléctrico","LINET","NEW PURA","
  ODA2806","GENERAL","Operativo","",""
"2090","2094","Sillón clínico eléctrico con barandas","LINET","NEW PURA","1. ODA2828","GENERAL","Operativo","",""
"2091","2095","Sillón clínico eléctrico con barandas","LINET","NEW PURA","2. ODA2821","GENERAL","Operativo","",""
"2092","2096","Sillón clínico eléctrico con barandas","LINET","NEW PURA","1. ODA2822","GENERAL","Operativo","",""
"2093","2097","Sillón clínico eléctrico con barandas","LINET","NEW PURA","2. ODA2823","GENERAL","Operativo","",""
"2094","2098","Sillón clínico eléctrico con barandas","LINET","NEW PURA","ODA2824","GENERAL","Operativo","",""
"2095","2099","Sillón clínico eléctrico con barandas","LINET","NEW PURA","ODA2826","GENERAL","Operativo","",""
"2096","2100","Sillón clínico eléctrico con barandas","LINET","NEW PURA","ODA2825","GENERAL","Operativo","",""
"2097","2101","Sillón clínico semimotorizados","MALVESTIO","384440","20096106","GENERAL","Operativo","",""
"2098","2102","Sillón clínico semimotorizados","MALVESTIO","384440","20096108","GENERAL","Operativo","",""
"2099","2103","Sillón clínico semimotorizados","MALVESTIO","384440","20096107","GENERAL","Operativo","",""
"2100","2104","Sillón clínico semimotorizados","MALVESTIO","384440","20096105","GENERAL","Operativo","",""
"2101","2105","Sillón clínico semimotorizados","MALVESTIO","384440","20096104","GENERAL","Operativo","",""
"2102","2106","Sillón dos cuerpos","","","S/N","GENERAL","Operativo","",""
"2103","2107","Sillón dos cuerpos","","","S/N","GENERAL","Operativo","",""
"2104","2108","Sillón dos cuerpos","","","S/N","GENERAL","Operativo","",""
"2105","2109","Sillón dos cuerpos","","","S/N","GENERAL","Operativo","",""
"2106","2110","Sillón dos cuerpos","","","S/N","GENERAL","Operativo","",""
"2107","2111","Sillón dos cuerpos","","","S/N","GENERAL","Operativo","",""
"2108","2112","Sillón dos cuerpos","","","S/N","GENERAL","Operativo","",""
"2109","2113","Sillón dos cuerpos","","","S/N","GENERAL","Operativo","",""
"2110","2114","Sistema de almacenamiento (Almacenador de láminas y almacenador de tacos)","MEDI DIAGNOSTICI","MEDGLASS/MEDBLOCK DOUBLE TRAY","S/N","GENERAL","Operativo","",""
"2111","2115","Sistema de aspiración quirúrgica rodable","CA-MI","HOSPIVAC 400","S/N","GENERAL","Operativo","",""
"2112","2116","Sistema de aspiración quirúrgica rodable","CA-MI","HOSPIVAC 400","S/N","GENERAL","Operativo","",""
"2113","2117","Sistema de aspiración quirúrgica rodable","CA-MI","HOSPIVAC 400","S/N","GENERAL","Operativo","",""
"2114","2118","Sistema de aspiración quirúrgica rodable","CA-MI","HOSPIVAC 400","S/N","GENERAL","Operativo","",""
"2115","2119","Sistema de aspiración quirúrgica rodable","CA-MI","HOSPIVAC 400","S/N","GENERAL","Operativo","",""
"2116","2120","Sistema de aspiración quirúrgica rodable","CA-MI","HOSPIVAC 400","S/N","GENERAL","Operativo","",""
"2117","2121","Sistema de carros de dosis unitaria y nodriza","PEGASUS","ECOLINE / APOLLO","S/N","CARROS","Operativo","",""
"2118","2122","Sistema de carros de dosis unitaria y nodriza","PEGASUS","ECOLINE / APOLLO","S/N","CARROS","Operativo","",""
"2119","2123","Sistema de carros de dosis unitaria y nodriza","PEGASUS","ECOLINE / APOLLO","S/N","CARROS","Operativo","",""
"2120","2124","Sistema de carros de dosis unitaria y nodriza","PEGASUS","ECOLINE / APOLLO","S/N","CARROS","Operativo","",""
"2121","2125","Sistema de carros de dosis unitaria y nodriza","PEGASUS","ECOLINE / APOLLO","S/N","CARROS","Operativo","",""
"2122","2126","Sistema de carros de dosis unitaria y nodriza","PEGASUS","ECOLINE / APOLLO","S/N","CARROS","Operativo","",""
"2123","2127","Sistema de carros de dosis unitaria y nodriza","PEGASUS","ECOLINE / APOLLO","S/N","CARROS","Operativo","",""
"2124","2128","Sistema de carros de dosis unitaria y nodriza","PEGASUS","ECOLINE / APOLLO","S/N","CARROS","Operativo","",""
"2125","2129","Sistema de carros de dosis unitaria y nodriza","PEGASUS","ECOLINE / APOLLO","S/N","CARROS","Operativo","",""
"2126","2130","Sistema de carros de dosis unitaria y nodriza","PEGASUS","ECOLINE / APOLLO","S/N","CARROS","Operativo","",""
"2127","2131","Sistema de carros de dosis unitaria y nodriza","PEGASUS","ECOLINE / APOLLO","S/N","CARROS","Operativo","",""
"2128","2132","Sistema de carros de dosis unitaria y nodriza","PEGASUS","ECOLINE / APOLLO","S/N","CARROS","Operativo","",""
"2129","2133","Sistema de dispensación de medicamentos de 2 cuerpos","Loginteg-Aphoteka","S12","H1210016","GENERAL","Operativo","",""
"2130","2134","Sistema de dispensación de medicamentos de 3 cuerpos","Loginteg-Aphoteka","S12","H1210015","GENERAL","Operativo","",""
"2131","2135","Sistema de Etiquetado para Láminas y Tacos Histológicos (impresora de láminas e impresora de tacos)","LEICA BIOSYSTEMS","IPS-IPC","Impresora de Láminas 8766","LABORATORIO","Operativo","",""
"2132","2136","Sistema de Etiquetado para Láminas y Tacos Histológicos (impresora de láminas e impresora de tacos)","LEICA BIOSYSTEMS","IPS-IPC","Impresora de Cassette 8738","LABORATORIO","Operativo","",""
"2133","2137","Sistema de integración","REIN MEDICAL - NEXOR","SMART OR - NOVA LIGHT 700T/700T","NHCV001","GENERAL","Operativo","","Lámpara 1 921536-030, Lámpara 2 921536-010, Cámara de video 2205003, Monitor 1 VM800794, Monitor 2 VM800787"
"2134","2138","Sistema de integración","REIN MEDICAL - NEXOR","SMART OR - NOVA LIGHT 700T/700T","NHCV002","GENERAL","Operativo","","Lámpara 1 921536-040, Lámpara 2 921536-020, Cámara de video 2205002, Monitor 1 VM800795, Monitor 2 VM800788"
"2135","2139","Sistema de sellado al vacío para biopsias","MILESTONE","sealsafe","S/N","GENERAL","Operativo","",""
"2136","2140","Sistema de tracción de dedos (dedos chinos)","","","S/N","GENERAL","Operativo","",""
"2137","2141","Sistema humidificador con carro de transporte","","","S/N","CARROS","Operativo","",""
"2138","2142","Sistema humidificador con carro de transporte","","","S/N","CARROS","Operativo","",""
"2139","2143","Sistema humidificador con carro de transporte","","","S/N","CARROS","Operativo","",""
"2140","2144","Sistema humidificador con carro de transporte","","","S/N","CARROS","Operativo","",""
"2141","2145","Sistema portatil de monitoreo endoscópico otorrino","","","S/N","GENERAL","Operativo","",""
"2142","2146","Sistema portatil de monitoreo endoscópico otorrino","","","S/N","GENERAL","Operativo","",""
"2143","2147","Sistema portatil de monitoreo endoscópico otorrino","","","S/N","GENERAL","Operativo","",""
"2144","2148","Sistema portatil de monitoreo endoscópico otorrino","","","S/N","GENERAL","Operativo","",""
"2145","2149","Sistema portatil de monitoreo endoscópico pabellón","","","S/N","GENERAL","Operativo","",""
"2146","2150","Sistema portatil de monitoreo endoscópico pabellón","","","S/N","GENERAL","Operativo","",""
"2147","2151","Sistema portatil de monitoreo endoscópico pabellón","","","S/N","GENERAL","Operativo","",""
"2148","2152","Sistema portatil de monitoreo endoscópico pabellón","","","S/N","GENERAL","Operativo","",""
"2149","2153","Sistema portatil de monitoreo endoscópico unidades críticas","","","S/N","GENERAL","Operativo","",""
"2150","2154","Sistema portatil de monitoreo endoscópico unidades críticas","","","S/N","GENERAL","Operativo","",""
"2151","2155","Sistema portátil de monitoreo laringoscópico adulto","INSIGHTERS","IS-3L","S/N","GENERAL","Operativo","",""
"2152","2156","Sistema portátil de monitoreo laringoscópico adulto","INSIGHTERS","IS-3L","S/N","GENERAL","Operativo","",""
"2153","2157","Sistema portátil de monitoreo laringoscópico adulto","INSIGHTERS","IS-3L","S/N","GENERAL","Operativo","",""
"2154","2158","Sistema portátil de monitoreo laringoscópico para pabellón adulto pediátrico","KARL STORZ","C-MAC","S/N","GENERAL","Operativo","",""
"2155","2159","Sistema portátil de monitoreo laringoscópico para pabellón adulto pediátrico","KARL STORZ","C-MAC","S/N","GENERAL","Operativo","",""
"2156","2160","Sistema portátil de monitoreo laringoscópico pediátrico neonatal","HUGEMED","VLRM","S/N","GENERAL","Operativo","",""
"2157","2161","Sistema portátil de monitoreo laringoscópico pediátrico neonatal","HUGEMED","VLRM","S/N","GENERAL","Operativo","",""
"2158","2162","Sistema recuperador de sangre","HAEMONETICS","CELL SABER ELITE+","22L340SPG","GENERAL","Operativo","",""
"2159","2163","Sistema TIVA","","","S/N","GENERAL","Operativo","",""
"2160","2164","Sistema TIVA","","","S/N","GENERAL","Operativo","",""
"2161","2165","Sistema TIVA","","","S/N","GENERAL","Operativo","",""
"2162","2166","Sistema TIVA","","","S/N","GENERAL","Operativo","",""
"2163","2167","Sistema TIVA","","","S/N","GENERAL","Operativo","",""
"2164","2168","Sistema TIVA","","","S/N","GENERAL","Operativo","",""
"2165","2169","Sistema UPS Transporte Humificador Alto Flujo","","","S/N","GENERAL","Operativo","",""
"2166","2170","Software complementario NCPAP","161079 SW NEONATAL nCPAP T-1","161079 SW NEONATAL nCPAP T-1","27731","GENERAL","Operativo","",""
"2167","2171","Software complementario NCPAP","161079 SW NEONATAL nCPAP T-1","161079 SW NEONATAL nCPAP T-1","27736","GENERAL","Operativo","",""
"2168","2172","Software complementario NCPAP","161079 SW NEONATAL nCPAP T-1","161079 SW NEONATAL nCPAP T-1","27732","GENERAL","Operativo","",""
"2169","2173","Software Fonoaudiología","","","S/N","GENERAL","Operativo","",""
"2170","2174","Software Fonoaudiología","","","S/N","GENERAL","Operativo","",""
"2171","2175","Soporte universal","HSL","SUR190AI","S/N","GENERAL","Operativo","",""
"2172","2176","Soporte universal","HSL","SUR190AI","S/N","GENERAL","Operativo","",""
"2173","2177","Soporte universal","HSL","SUR190AI","S/N","GENERAL","Operativo","",""
"2174","2178","Soporte universal","HSL","SUR190AI","S/N","GENERAL","Operativo","",""
"2175","2179","Soporte universal","HSL","SUR190AI","S/N","GENERAL","Operativo","",""
"2176","2180","Soporte universal","HSL","SUR190AI","S/N","GENERAL","Operativo","",""
"2177","2181","Soporte universal","HSL","SUR190AI","S/N","GENERAL","Operativo","",""
"2178","2182","Soporte universal","HSL","SUR190AI","S/N","GENERAL","Operativo","",""
"2179","2183","Soporte universal","HSL","SUR190AI","S/N","GENERAL","Operativo","",""
"2180","2184","Soporte universal","HSL","SUR190AI","S/N","GENERAL","Operativo","",""
"2181","2185","Soporte universal","HSL","SUR190AI","S/N","GENERAL","Operativo","",""
"2182","2186","Soporte universal","HSL","SUR190AI","S/N","GENERAL","Operativo","",""
"2183","2187","Soporte universal","HSL","SUR190AI","S/N","GENERAL","Operativo","",""
"2184","2188","Soporte universal","HSL","SUR190AI","S/N","GENERAL","Operativo","",""
"2185","2189","Soporte universal","HSL","SUR190AI","S/N","GENERAL","Operativo","",""
"2186","2190","Soporte universal","HSL","SUR190AI","S/N","GENERAL","Operativo","",""
"2187","2191","Soporte universal","HSL","SUR190AI","S/N","GENERAL","Operativo","",""
"2188","2192","Soporte universal","HSL","SUR190AI","S/N","GENERAL","Operativo","",""
"2189","2193","Soporte universal","HSL","SUR190AI","S/N","GENERAL","Operativo","",""
"2190","2194","Soporte universal","HSL","SUR190AI","S/N","GENERAL","Operativo","",""
"2191","2195","Soporte universal","HSL","SUR190AI","S/N","GENERAL","Operativo","",""
"2192","2196","Soporte universal","HSL","SUR190AI","S/N","GENERAL","Operativo","",""
"2193","2197","Soporte universal","HSL","SUR190AI","S/N","GENERAL","Operativo","",""
"2194","2198","Soporte universal","HSL","SUR190AI","S/N","GENERAL","Operativo","",""
"2195","2199","Soporte universal","HSL","SUR190AI","S/N","GENERAL","Operativo","",""
"2196","2200","Soporte universal","HSL","SUR190AI","S/N","GENERAL","Operativo","",""
"2197","2201","Soporte universal","HSL","SUR190AI","S/N","GENERAL","Operativo","",""
"2198","2202","Soporte universal","HSL","SUR190AI","S/N","GENERAL","Operativo","",""
"2199","2203","Soporte universal","HSL","SUR190AI","S/N","GENERAL","Operativo","",""
"2200","2204","Soporte universal","HSL","SUR190AI","S/N","GENERAL","Operativo","",""
"2201","2205","Soporte universal","HSL","SUR190AI","S/N","GENERAL","Operativo","",""
"2202","2206","Soporte universal","HSL","SUR190AI","S/N","GENERAL","Operativo","",""
"2203","2207","Soporte universal","HSL","SUR190AI","S/N","GENERAL","Operativo","",""
"2204","2208","Soporte universal","HSL","SUR190AI","S/N","GENERAL","Operativo","",""
"2205","2209","Soporte universal","HSL","SUR190AI","S/N","GENERAL","Operativo","",""
"2206","2210","Soporte universal","HSL","SUR190AI","S/N","GENERAL","Operativo","",""
"2207","2211","Soporte universal","HSL","SUR190AI","S/N","GENERAL","Operativo","",""
"2208","2212","Soporte universal","HSL","SUR190AI","S/N","GENERAL","Operativo","",""
"2209","2213","Soporte universal","HSL","SUR190AI","S/N","GENERAL","Operativo","",""
"2210","2214","Soporte universal","HSL","SUR190AI","S/N","GENERAL","Operativo","",""
"2211","2215","Soporte universal","HSL","SUR190AI","S/N","GENERAL","Operativo","",""
"2212","2216","Soporte universal","HSL","SUR190AI","S/N","GENERAL","Operativo","",""
"2213","2217","Soporte universal","HSL","SUR190AI","S/N","GENERAL","Operativo","",""
"2214","2218","Soporte universal","HSL","SUR190AI","S/N","GENERAL","Operativo","",""
"2215","2219","Soporte universal","HSL","SUR190AI","S/N","GENERAL","Operativo","",""
"2216","2220","Soporte universal","HSL","SUR190AI","S/N","GENERAL","Operativo","",""
"2217","2221","Soporte universal","HSL","SUR190AI","S/N","GENERAL","Operativo","",""
"2218","2222","Soporte universal","HSL","SUR190AI","S/N","GENERAL","Operativo","",""
"2219","2223","Soporte universal","HSL","SUR190AI","S/N","GENERAL","Operativo","",""
"2220","2224","Soporte universal","HSL","SUR190AI","S/N","GENERAL","Operativo","",""
"2221","2225","Soporte universal","HSL","SUR190AI","S/N","GENERAL","Operativo","",""
"2222","2226","Soporte universal","HSL","SUR190AI","S/N","GENERAL","Operativo","",""
"2223","2227","Soporte universal","HSL","SUR190AI","S/N","GENERAL","Operativo","",""
"2224","2228","Soporte universal","HSL","SUR190AI","S/N","GENERAL","Operativo","",""
"2225","2229","Soporte universal","HSL","SUR190AI","S/N","GENERAL","Operativo","",""
"2226","2230","Soporte universal","HSL","SUR190AI","S/N","GENERAL","Operativo","",""
"2227","2231","Soporte universal","HSL","SUR190AI","S/N","GENERAL","Operativo","",""
"2228","2232","Soporte universal","HSL","SUR190AI","S/N","GENERAL","Operativo","",""
"2229","2233","Soporte universal","HSL","SUR190AI","S/N","GENERAL","Operativo","",""
"2230","2234","Soporte universal","HSL","SUR190AI","S/N","GENERAL","Operativo","",""
"2231","2235","Soporte universal","HSL","SUR190AI","S/N","GENERAL","Operativo","",""
"2232","2236","Soporte universal","HSL","SUR190AI","S/N","GENERAL","Operativo","",""
"2233","2237","Soporte universal","HSL","SUR190AI","S/N","GENERAL","Operativo","",""
"2234","2238","Soporte universal","HSL","SUR190AI","S/N","GENERAL","Operativo","",""
"2235","2239","Soporte universal","HSL","SUR190AI","S/N","GENERAL","Operativo","",""
"2236","2240","Soporte universal","HSL","SUR190AI","S/N","GENERAL","Operativo","",""
"2237","2241","Soporte universal","HSL","SUR190AI","S/N","GENERAL","Operativo","",""
"2238","2242","Soporte universal","HSL","SUR190AI","S/N","GENERAL","Operativo","",""
"2239","2243","Soporte universal","HSL","SUR190AI","S/N","GENERAL","Operativo","",""
"2240","2244","Soporte universal","HSL","SUR190AI","S/N","GENERAL","Operativo","",""
"2241","2245","Soporte universal","HSL","SUR190AI","S/N","GENERAL","Operativo","",""
"2242","2246","Soporte universal","HSL","SUR190AI","S/N","GENERAL","Operativo","",""
"2243","2247","Soporte universal","HSL","SUR190AI","S/N","GENERAL","Operativo","",""
"2244","2248","Soporte universal","HSL","SUR190AI","S/N","GENERAL","Operativo","",""
"2245","2249","Soporte universal","HSL","SUR190AI","S/N","GENERAL","Operativo","",""
"2246","2250","Soporte universal","HSL","SUR190AI","S/N","GENERAL","Operativo","",""
"2247","2251","Soporte universal","HSL","SUR190AI","S/N","GENERAL","Operativo","",""
"2248","2252","Soporte universal","HSL","SUR190AI","S/N","GENERAL","Operativo","",""
"2249","2253","Soporte universal","HSL","SUR190AI","S/N","GENERAL","Operativo","",""
"2250","2254","Soporte universal","HSL","SUR190AI","S/N","GENERAL","Operativo","",""
"2251","2255","Soporte universal","HSL","SUR190AI","S/N","GENERAL","Operativo","",""
"2252","2256","Soporte universal","HSL","SUR190AI","S/N","GENERAL","Operativo","",""
"2253","2257","Soporte universal","HSL","SUR190AI","S/N","GENERAL","Operativo","",""
"2254","2258","Soporte universal","HSL","SUR190AI","S/N","GENERAL","Operativo","",""
"2255","2259","Soporte universal","HSL","SUR190AI","S/N","GENERAL","Operativo","",""
"2256","2260","Soporte universal","HSL","SUR190AI","S/N","GENERAL","Operativo","",""
"2257","2261","Soporte universal","HSL","SUR190AI","S/N","GENERAL","Operativo","",""
"2258","2262","Soporte universal","HSL","SUR190AI","S/N","GENERAL","Operativo","",""
"2259","2263","Soporte universal","HSL","SUR190AI","S/N","GENERAL","Operativo","",""
"2260","2264","Soporte universal","HSL","SUR190AI","S/N","GENERAL","Operativo","",""
"2261","2265","Soporte universal","HSL","SUR190AI","S/N","GENERAL","Operativo","",""
"2262","2266","Soporte universal","HSL","SUR190AI","S/N","GENERAL","Operativo","",""
"2263","2267","Soporte universal","HSL","SUR190AI","S/N","GENERAL","Operativo","",""
"2264","2268","Soporte universal","HSL","SUR190AI","S/N","GENERAL","Operativo","",""
"2265","2269","Soporte universal","HSL","SUR190AI","S/N","GENERAL","Operativo","",""
"2266","2270","Soporte universal","HSL","SUR190AI","S/N","GENERAL","Operativo","",""
"2267","2271","Soporte universal","HSL","SUR190AI","S/N","GENERAL","Operativo","",""
"2268","2272","Soporte universal","HSL","SUR190AI","S/N","GENERAL","Operativo","",""
"2269","2273","Soporte universal","HSL","SUR190AI","S/N","GENERAL","Operativo","",""
"2270","2274","Soporte universal","HSL","SUR190AI","S/N","GENERAL","Operativo","",""
"2271","2275","Soporte universal","HSL","SUR190AI","S/N","GENERAL","Operativo","",""
"2272","2276","Soporte universal","HSL","SUR190AI","S/N","GENERAL","Operativo","",""
"2273","2277","Soporte universal","HSL","SUR190AI","S/N","GENERAL","Operativo","",""
"2274","2278","Soporte universal","HSL","SUR190AI","S/N","GENERAL","Operativo","",""
"2275","2279","Soporte universal","HSL","SUR190AI","S/N","GENERAL","Operativo","",""
"2276","2280","Soporte universal","HSL","SUR190AI","S/N","GENERAL","Operativo","",""
"2277","2281","Soporte universal","HSL","SUR190AI","S/N","GENERAL","Operativo","",""
"2278","2282","Soporte universal","HSL","SUR190AI","S/N","GENERAL","Operativo","",""
"2279","2283","Soporte universal","HSL","SUR190AI","S/N","GENERAL","Operativo","",""
"2280","2284","Soporte universal","HSL","SUR190AI","S/N","GENERAL","Operativo","",""
"2281","2285","Soporte universal","HSL","SUR190AI","S/N","GENERAL","Operativo","",""
"2282","2286","Soporte universal","HSL","SUR190AI","S/N","GENERAL","Operativo","",""
"2283","2287","Soporte universal","HSL","SUR190AI","S/N","GENERAL","Operativo","",""
"2284","2288","Soporte universal","HSL","SUR190AI","S/N","GENERAL","Operativo","",""
"2285","2289","Soporte universal","HSL","SUR190AI","S/N","GENERAL","Operativo","",""
"2286","2290","Soporte universal","HSL","SUR190AI","S/N","GENERAL","Operativo","",""
"2287","2291","Soporte universal","HSL","SUR190AI","S/N","GENERAL","Operativo","",""
"2288","2292","Soporte universal","HSL","SUR190AI","S/N","GENERAL","Operativo","",""
"2289","2293","Soporte universal","HSL","SUR190AI","S/N","GENERAL","Operativo","",""
"2290","2294","Soporte universal","HSL","SUR190AI","S/N","GENERAL","Operativo","",""
"2291","2295","Soporte universal","HSL","SUR190AI","S/N","GENERAL","Operativo","",""
"2292","2296","Soporte universal","HSL","SUR190AI","S/N","GENERAL","Operativo","",""
"2293","2297","Soporte universal","HSL","SUR190AI","S/N","GENERAL","Operativo","",""
"2294","2298","Soporte universal","HSL","SUR190AI","S/N","GENERAL","Operativo","",""
"2295","2299","Soporte universal","HSL","SUR190AI","S/N","GENERAL","Operativo","",""
"2296","2300","Soporte universal","HSL","SUR190AI","S/N","GENERAL","Operativo","",""
"2297","2301","Soporte universal","HSL","SUR190AI","S/N","GENERAL","Operativo","",""
"2298","2302","Soporte universal","HSL","SUR190AI","S/N","GENERAL","Operativo","",""
"2299","2303","Soporte universal","HSL","SUR190AI","S/N","GENERAL","Operativo","",""
"2300","2304","Soporte universal","HSL","SUR190AI","S/N","GENERAL","Operativo","",""
"2301","2305","Soporte universal","HSL","SUR190AI","S/N","GENERAL","Operativo","",""
"2302","2306","Soporte universal","HSL","SUR190AI","S/N","GENERAL","Operativo","",""
"2303","2307","Soporte universal","HSL","SUR190AI","S/N","GENERAL","Operativo","",""
"2304","2308","Soporte universal","HSL","SUR190AI","S/N","GENERAL","Operativo","",""
"2305","2309","Soporte universal","HSL","SUR190AI","S/N","GENERAL","Operativo","",""
"2306","2310","Soporte universal","HSL","SUR190AI","S/N","GENERAL","Operativo","",""
"2307","2311","Soporte universal","HSL","SUR190AI","S/N","GENERAL","Operativo","",""
"2308","2312","Soporte universal","HSL","SUR190AI","S/N","GENERAL","Operativo","",""
"2309","2313","Soporte universal","HSL","SUR190AI","S/N","GENERAL","Operativo","",""
"2310","2314","Soporte universal","HSL","SUR190AI","S/N","GENERAL","Operativo","",""
"2311","2315","Soporte universal","HSL","SUR190AI","S/N","GENERAL","Operativo","",""
"2312","2316","Soporte universal","HSL","SUR190AI","S/N","GENERAL","Operativo","",""
"2313","2317","Soporte universal","HSL","SUR190AI","S/N","GENERAL","Operativo","",""
"2314","2318","Soporte universal","HSL","SUR190AI","S/N","GENERAL","Operativo","",""
"2315","2319","Soporte universal","HSL","SUR190AI","S/N","GENERAL","Operativo","",""
"2316","2320","Soporte universal","HSL","SUR190AI","S/N","GENERAL","Operativo","",""
"2317","2321","Soporte universal","HSL","SUR190AI","S/N","GENERAL","Operativo","",""
"2318","2322","Step","OK PRO","STEP DOS ALTURAS","S/N","GENERAL","Operativo","",""
"2319","2323","Tabla de transferencia","SAMARIT","40-0100","S/N","GENERAL","Operativo","",""
"2320","2324","Tabla de transferencia","SAMARIT","40-0100","S/N","GENERAL","Operativo","",""
"2321","2325","Tabla de transferencia","SAMARIT","40-0100","S/N","GENERAL","Operativo","",""
"2322","2326","Tablero de habilidades manipulativas (Freestaning Bolt Board)","FM","freestanding bolt","S/N","GENERAL","Operativo","",""
"2323","2327","Tablero de habilidades manipulativas (Freestaning Bolt Board)","FM","freestanding bolt","S/N","GENERAL","Operativo","",""
"2324","2328","Tablero Funcional","FM","tablero funcional","S/N","GENERAL","Operativo","",""
"2325","2329","Tablero para habilidades psicomotoras (Peg Domino)","pattersons medial","peg domino","S/N","GENERAL","Operativo","",""
"2326","2330","Tablero para habilidades psicomotoras (Peg Domino)","pattersons medial","peg domino","S/N","GENERAL","Operativo","",""
"2327","2331","TAC 64 detectores","PHILIPS","INCISIVE CT ESSENTIALS - ISP IX","550471, ","GENERAL","Operativo","","Tubo 195629"
"2328","2332","Teclado Big Keys","","","S/N","GENERAL","Operativo","",""
"2329","2333","Televisor","","","S/N","GENERAL","Operativo","",""
"2330","2334","Televisor","","","S/N","GENERAL","Operativo","",""
"2331","2335","Televisor","","","S/N","GENERAL","Operativo","",""
"2332","2336","Televisor","","","S/N","GENERAL","Operativo","",""
"2333","2337","Televisor","","","S/N","GENERAL","Operativo","",""
"2334","2338","Televisor","","","S/N","GENERAL","Operativo","",""
"2335","2339","Televisor","","","S/N","GENERAL","Operativo","",""
"2336","2340","Televisor","","","S/N","GENERAL","Operativo","",""
"2337","2341","Televisor","","","S/N","GENERAL","Operativo","",""
"2338","2342","Televisor","","","S/N","GENERAL","Operativo","",""
"2339","2343","TENS","ENRAF NONIUS","TENSMED S82","S/N","GENERAL","Operativo","",""
"2340","2344","TENS","ENRAF NONIUS","TENSMED S82","S/N","GENERAL","Operativo","",""
"2341","2345","TENS","ENRAF NONIUS","TENSMED S82","S/N","GENERAL","Operativo","",""
"2342","2346","Teñidor Automático con cubre láminas","LEICA BIOSYSTEMS","spectra workstations WS","Teñidor 896, Montador 02000777
","GENERAL","Operativo","","  workstation700852
  UPS1 900032111110805
  UPS2 900032111110725
  lector barra 9048608"
"2343","2347","Terapia combinada","","","S/N","GENERAL","Operativo","",""
"2344","2348","Termobloque","","","S/N","GENERAL","Operativo","",""
"2345","2349","Termociclador","","","S/N","GENERAL","Operativo","",""
"2346","2350","Test de esfuerzo","SCHILLER","CS-200-OFFICE","8CG72933LO
","GENERAL","Operativo","","  Módulo test 1030.002574
  Monitor Pani (BP200 Plus) 310.03688"
"2347","2351","Tijeras Fiskasrs Scissors","Fiskasrs","8”","S/N","GENERAL","Operativo","",""
"2348","2352","Tijeras Fiskasrs Scissors","Fiskasrs","8”","S/N","GENERAL","Operativo","",""
"2349","2353","Tilt Table","ENRAF NONIUS","MANUMED PLANO INCLINADO TILT","S/N","GENERAL","Operativo","",""
"2350","2354","Tilt Table","ENRAF NONIUS","MANUMED PLANO INCLINADO TILT","S/N","GENERAL","Operativo","",""
"2351","2355","Tomógrafo de coherencia óptica","Heidelberg","SPECTRALIS OCT2","MÓDULO DE POLO ANTERIOR VAO-07803
","GENERAL","Operativo","","  Monitor para Spectralis S29D26886NB
  PC para Spectralis OCT2 CZC242CCT6
  UPS 900032111110792
  Impresora genérica U65176DN965845
  Mesa eléctrica 51003301"
"2352","2356","Tonómetro aplanático","KOWA","HA-2","1408705259","GENERAL","Operativo","",""
"2353","2357","Tonómetro de aire","CRYSTALVUE","TONOVUE-P","S/N","GENERAL","Operativo","",""
"2354","2358","Tonómetro de aire","CRYSTALVUE","TONOVUE-P","S/N","GENERAL","Operativo","",""
"2355","2359","Torre Broncoscopia - urología","OLYMPUS","EVIS EXERA 190","S/N","GENERAL","Operativo","",""
"2356","2360","Torre Broncoscopia - urología","OLYMPUS","EVIS EXERA 190","S/N","GENERAL","Operativo","",""
"2357","2361","Torre Broncoscopia - urología","OLYMPUS","EVIS EXERA 190","S/N","GENERAL","Operativo","",""
"2358","2362","Torre Broncoscopia - urología","OLYMPUS","EVIS EXERA 190","S/N","GENERAL","Operativo","",""
"2359","2363","Torre Broncoscopia - urología","OLYMPUS","EVIS EXERA 190","S/N","GENERAL","Operativo","",""
"2360","2364","Torre Broncoscopia - urología","OLYMPUS","EVIS EXERA 190","S/N","GENERAL","Operativo","",""
"2361","2365","Torre de Artroscopía","STRYKER","1688 4K","S/N","GENERAL","Operativo","",""
"2362","2366","Torre Endoscopia alta y baja","OLYMPUS","EVIS EXERA 190","S/N","GENERAL","Operativo","",""
"2363","2367","Torre Endoscopia alta y baja","OLYMPUS","EVIS EXERA 190","S/N","GENERAL","Operativo","",""
"2364","2368","Torre Endoscopia alta y baja","OLYMPUS","EVIS EXERA 190","S/N","GENERAL","Operativo","",""
"2365","2369","Torre Endoscopia alta y baja","OLYMPUS","EVIS EXERA 190","S/N","GENERAL","Operativo","",""
"2366","2370","Torre Endoscopia alta y baja","OLYMPUS","EVIS EXERA 190","S/N","GENERAL","Operativo","",""
"2367","2371","Torre Endoscopia alta y baja","OLYMPUS","EVIS EXERA 190","S/N","GENERAL","Operativo","",""
"2368","2372","Torre Endoscopia alta y baja","OLYMPUS","EVIS EXERA 190","S/N","GENERAL","Operativo","",""
"2369","2373","Torre Endoscopia alta y baja","OLYMPUS","EVIS EXERA 190","S/N","GENERAL","Operativo","",""
"2370","2374","Torre Endoscopia pabellón","OLYMPUS","EVIS EXERA 190","S/N","GENERAL","Operativo","",""
"2371","2375","Torre Endoscopia pabellón","OLYMPUS","EVIS EXERA 190","S/N","GENERAL","Operativo","",""
"2372","2376","Torre Endoscopia pabellón","OLYMPUS","EVIS EXERA 190","S/N","GENERAL","Operativo","",""
"2373","2377","Torre Endoscopia pabellón","OLYMPUS","EVIS EXERA 190","S/N","GENERAL","Operativo","",""
"2374","2378","Torre Laparoscopía","STRYKER","1688 4K","S/N","GENERAL","Operativo","",""
"2375","2379","Torre Laparoscopía","STRYKER","1688 4K","S/N","GENERAL","Operativo","",""
"2376","2380","Transpaleta","Rher","3500 kg","S/N","GENERAL","Operativo","",""
"2377","2381","Trotadora","HPCOSMOS","PLUTO","21COS30026-01VA01-0277
","GENERAL","Operativo","","  CINTA POLAR: M3021W0415137"
"2378","2382","Ultrasonido kinesiología","","","S/N","GENERAL","Operativo","",""
"2379","2383","Ultrasonido kinesiología","","","S/N","GENERAL","Operativo","",""
"2380","2384","Ultratermia","","","S/N","GENERAL","Operativo","",""
"2381","2385","Ultratermia","","","S/N","GENERAL","Operativo","",""
"2382","2386","Unidad de almacenamiento modular Tipo I (3 módulos)","","","S/N","GENERAL","Operativo","",""
"2383","2387","Unidad de almacenamiento modular Tipo I (3 módulos)","","","S/N","GENERAL","Operativo","",""
"2384","2388","Unidad de almacenamiento modular Tipo I (3 módulos)","","","S/N","GENERAL","Operativo","",""
"2385","2389","Unidad de almacenamiento modular Tipo I (3 módulos)","","","S/N","GENERAL","Operativo","",""
"2386","2390","Unidad de almacenamiento modular Tipo I (3 módulos)","","","S/N","GENERAL","Operativo","",""
"2387","2391","Unidad de almacenamiento modular Tipo I (3 módulos)","","","S/N","GENERAL","Operativo","",""
"2388","2392","Unidad de almacenamiento modular Tipo II (5 módulos)","","","S/N","GENERAL","Operativo","",""
"2389","2393","Unidad de almacenamiento modular Tipo III (1 módulo)","","","S/N","GENERAL","Operativo","",""
"2390","2394","Unidad de almacenamiento modular Tipo III (1 módulo)","","","S/N","GENERAL","Operativo","",""
"2391","2395","Unidad de almacenamiento modular Tipo III (1 módulo)","","","S/N","GENERAL","Operativo","",""
"2392","2396","Unidad de almacenamiento modular Tipo III (1 módulo)","","","S/N","GENERAL","Operativo","",""
"2393","2397","Unidad de Otorrino","EUROCLINIC","OTOCOMPACT","BH180099","GENERAL","Operativo","",""
"2394","2398","Unidad dental","ZURIK","ZERO","211637
","GENERAL","Operativo","","  1 Kit de alta velocidad SN 21040600022
  1 Kit de alta velocidad SN 21040600027
  1 Kit de baja velocidad SN KB2102020043
  1 Kit de baja velocidad SN KB2102020024
  2 Taburetes dentales"
"2395","2399","Unidad dental","ZURIK","ZERO","211657
","GENERAL","Operativo","","  1 Kit de alta velocidad SN 2106250005
  1 Kit de alta velocidad SN 21040600018
  1 Kit de baja velocidad SN KB2102020052
  1 Kit de baja velocidad SN KB2102020032
  2 Taburetes dentales"
"2396","2400","Unidad dental","ZURIK","ZERO","211643
","GENERAL","Operativo","","  1 Kit de alta velocidad SN 21040600034
  1 Kit de alta velocidad SN 21040600032
  1 Kit de baja velocidad SN KB2102020060
  1 Kit de baja velocidad SN KB2102020044
  2 Taburetes dentales"
"2397","2401","Unidad dental","ZURIK","ZERO","211670
","GENERAL","Operativo","","  1 Kit de alta velocidad SN 2106250002
  1 Kit de alta velocidad SN 21040600049
  1 Kit de baja velocidad SN KB2102020033
  1 Kit de baja velocidad SN KB2102020037
  2 Taburetes dentales"
"2398","2402","Unidad dental","ZURIK","ZERO","211667
","GENERAL","Operativo","","  1 Kit de alta velocidad SN 2106250004
  1 Kit de alta velocidad SN 20140600021
  1 Kit de baja velocidad SN KB2102020028
  1 Kit de baja velocidad SN KB2102020035
  2 Taburetes dentales"
"2399","2403","Unidad dental","ZURIK","ZERO","211655

","GENERAL","Operativo","","  1 Kit de alta velocidad SN 2106250003
  1 Kit de alta velocidad SN 2106250001
  1 Kit de baja velocidad SN KB2102020015
  1 Kit de baja velocidad SN KB2102020088
  2 Taburetes dentales"
"2400","2404","Unidad dental","ZURIK","ZERO","211647
","GENERAL","Operativo","","  1 Kit de alta velocidad SN 2106250006
  1 Kit de alta velocidad SN 21040600017
  1 Kit de baja velocidad SN KB2102020014
  1 Kit de baja velocidad SN KB2102020023
  2 Taburetes dentales"
"2401","2405","Uroflujometro","MEDKONSULT medical technology s.r.o.","DANFLOW Wave","Uroflujómetro 1230064 ","GENERAL","Operativo","","e impresora u63975C3X665458"
"2402","2406","Velador (tipo clínico)","","","S/N","GENERAL","Operativo","",""
"2403","2407","Velador (tipo clínico)","","","S/N","GENERAL","Operativo","",""
"2404","2408","Velador (tipo clínico)","","","S/N","GENERAL","Operativo","",""
"2405","2409","Velador Clínico","LINET","ELEGANZA CLASSIC - SOLIDO 3","S/N","GENERAL","Operativo","",""
"2406","2410","Velador Clínico","LINET","ELEGANZA CLASSIC - SOLIDO 3","S/N","GENERAL","Operativo","",""
"2407","2411","Velador Clínico","LINET","ELEGANZA CLASSIC - SOLIDO 3","S/N","GENERAL","Operativo","",""
"2408","2412","Velador Clínico","LINET","ELEGANZA CLASSIC - SOLIDO 3","S/N","GENERAL","Operativo","",""
"2409","2413","Velador Clínico","LINET","ELEGANZA CLASSIC - SOLIDO 3","S/N","GENERAL","Operativo","",""
"2410","2414","Velador Clínico","LINET","ELEGANZA CLASSIC - SOLIDO 3","S/N","GENERAL","Operativo","",""
"2411","2415","Velador Clínico","LINET","ELEGANZA CLASSIC - SOLIDO 3","S/N","GENERAL","Operativo","",""
"2412","2416","Velador Clínico","LINET","ELEGANZA CLASSIC - SOLIDO 3","S/N","GENERAL","Operativo","",""
"2413","2417","Velador Clínico","LINET","ELEGANZA CLASSIC - SOLIDO 3","S/N","GENERAL","Operativo","",""
"2414","2418","Velador Clínico","LINET","ELEGANZA CLASSIC - SOLIDO 3","S/N","GENERAL","Operativo","",""
"2415","2419","Velador Clínico","LINET","ELEGANZA CLASSIC - SOLIDO 3","S/N","GENERAL","Operativo","",""
"2416","2420","Velador Clínico","LINET","ELEGANZA CLASSIC - SOLIDO 3","S/N","GENERAL","Operativo","",""
"2417","2421","Velador Clínico","LINET","ELEGANZA CLASSIC - SOLIDO 3","S/N","GENERAL","Operativo","",""
"2418","2422","Velador Clínico","LINET","ELEGANZA CLASSIC - SOLIDO 3","S/N","GENERAL","Operativo","",""
"2419","2423","Velador Clínico","LINET","ELEGANZA CLASSIC - SOLIDO 3","S/N","GENERAL","Operativo","",""
"2420","2424","Velador Clínico","LINET","ELEGANZA CLASSIC - SOLIDO 3","S/N","GENERAL","Operativo","",""
"2421","2425","Velador Clínico","LINET","ELEGANZA CLASSIC - SOLIDO 3","S/N","GENERAL","Operativo","",""
"2422","2426","Velador Clínico","LINET","ELEGANZA CLASSIC - SOLIDO 3","S/N","GENERAL","Operativo","",""
"2423","2427","Velador Clínico","LINET","ELEGANZA CLASSIC - SOLIDO 3","S/N","GENERAL","Operativo","",""
"2424","2428","Velador Clínico","LINET","ELEGANZA CLASSIC - SOLIDO 3","S/N","GENERAL","Operativo","",""
"2425","2429","Velador Clínico","LINET","ELEGANZA CLASSIC - SOLIDO 3","S/N","GENERAL","Operativo","",""
"2426","2430","Velador Clínico","LINET","ELEGANZA CLASSIC - SOLIDO 3","S/N","GENERAL","Operativo","",""
"2427","2431","Velador Clínico","LINET","ELEGANZA CLASSIC - SOLIDO 3","S/N","GENERAL","Operativo","",""
"2428","2432","Velador Clínico","LINET","ELEGANZA CLASSIC - SOLIDO 3","S/N","GENERAL","Operativo","",""
"2429","2433","Velador Clínico","LINET","ELEGANZA CLASSIC - SOLIDO 3","S/N","GENERAL","Operativo","",""
"2430","2434","Ventilador de Transporte no invasivo","MINDRAY","TV50","S/N","VENTILACION","Operativo","",""
"2431","2435","Ventilador de Transporte no invasivo","MINDRAY","TV50","S/N","VENTILACION","Operativo","",""
"2432","2436","Ventilador de Transporte no invasivo","MINDRAY","TV50","S/N","VENTILACION","Operativo","",""
"2433","2437","Ventilador de Transporte no invasivo","MINDRAY","TV50","S/N","VENTILACION","Operativo","",""
"2434","2438","Ventilador de Transporte no invasivo NEONATAL","BIOMED","TV-100","TX2301105","VENTILACION","Operativo","",""
"2435","2439","Ventilador de Transporte no invasivo PEDIÁTRICO","HAMILTON MEDICAL","HAMILTOB T-1","28920
","VENTILACION","Operativo","",""
"2436","2440","Ventilador de Transporte no invasivo PEDIÁTRICO","HAMILTON MEDICAL","HAMILTOB T-1","
  28919","VENTILACION","Operativo","",""
"2437","2441","Ventilador Manual","GALAMED","2150-2151-2152","168774","GENERAL","Operativo","",""
"2438","2442","Ventilador Manual","GALAMED","2150-2151-2152","168665","GENERAL","Operativo","",""
"2439","2443","Ventilador Manual","GALAMED","2150-2151-2152","168557","GENERAL","Operativo","",""
"2440","2444","Ventilador Manual","GALAMED","2150-2151-2152","168773","GENERAL","Operativo","",""
"2441","2445","Ventilador Manual","GALAMED","2150-2151-2152","168776","GENERAL","Operativo","",""
"2442","2446","Ventilador Manual","GALAMED","2150-2151-2152","168599","GENERAL","Operativo","",""
"2443","2447","Ventilador Manual","GALAMED","2150-2151-2152","168655","GENERAL","Operativo","",""
"2444","2448","Ventilador Manual","GALAMED","2150-2151-2152","168654","GENERAL","Operativo","",""
"2445","2449","Ventilador Manual","GALAMED","2150-2151-2152","168663","GENERAL","Operativo","",""
"2446","2450","Ventilador Manual","GALAMED","2150-2151-2152","168662","GENERAL","Operativo","",""
"2447","2451","Ventilador Manual","GALAMED","2150-2151-2152","168661","GENERAL","Operativo","",""
"2448","2452","Ventilador Manual","GALAMED","2150-2151-2152","157697","GENERAL","Operativo","",""
"2449","2453","Ventilador Manual","GALAMED","2150-2151-2152","168659","GENERAL","Operativo","",""
"2450","2454","Ventilador Manual","GALAMED","2150-2151-2152","157959
","GENERAL","Operativo","",""
"2451","2455","Ventilador Manual","GALAMED","2150-2151-2152","  168676
","GENERAL","Operativo","",""
"2452","2456","Ventilador Manual","GALAMED","2150-2151-2152","
  168674","GENERAL","Operativo","",""
"2453","2457","Ventilador Manual","GALAMED","2150-2151-2152","168672
","GENERAL","Operativo","",""
"2454","2458","Ventilador Manual","GALAMED","2150-2151-2152","  168668
","GENERAL","Operativo","",""
"2455","2459","Ventilador Manual","GALAMED","2150-2151-2152","
  168670","GENERAL","Operativo","",""
"2456","2460","Ventilador Manual","GALAMED","2150-2151-2152","157901
  157908
  168775","GENERAL","Operativo","",""
"2457","2461","Ventilador Manual","GALAMED","2150-2151-2152","168671
","GENERAL","Operativo","",""
"2458","2462","Ventilador Manual","GALAMED","2150-2151-2152","  168653
","GENERAL","Operativo","",""
"2459","2463","Ventilador Manual","GALAMED","2150-2151-2152","  168656
","GENERAL","Operativo","",""
"2460","2464","Ventilador Manual","GALAMED","2150-2151-2152","
  168658
","GENERAL","Operativo","",""
"2461","2465","Ventilador Manual","GALAMED","2150-2151-2152","
  168664
","GENERAL","Operativo","",""
"2462","2466","Ventilador Manual","GALAMED","2150-2151-2152","
  168673","GENERAL","Operativo","",""
"2463","2467","Ventilador Manual","GALAMED","2150-2151-2152","168669
","GENERAL","Operativo","",""
"2464","2468","Ventilador Manual","GALAMED","2150-2151-2152","
  168675
 ","GENERAL","Operativo","",""
"2465","2469","Ventilador Manual","GALAMED","2150-2151-2152","
  168667
","GENERAL","Operativo","",""
"2466","2470","Ventilador Manual","GALAMED","2150-2151-2152","
  168666
","GENERAL","Operativo","",""
"2467","2471","Ventilador Manual","GALAMED","2150-2151-2152","
  168657
","GENERAL","Operativo","",""
"2468","2472","Ventilador Manual","GALAMED","2150-2151-2152","
  168660","GENERAL","Operativo","",""
"2469","2473","Ventilador Mecánico Adulto invasivo","","","S/N","VENTILACION","Operativo","",""
"2470","2474","Ventilador Mecánico Adulto invasivo","","","S/N","VENTILACION","Operativo","",""
"2471","2475","Ventilador Mecánico Adulto invasivo","","","S/N","VENTILACION","Operativo","",""
"2472","2476","Ventilador Mecánico Adulto invasivo","","","S/N","VENTILACION","Operativo","",""
"2473","2477","Ventilador Mecánico Adulto invasivo","","","S/N","VENTILACION","Operativo","",""
"2474","2478","Ventilador Mecánico Adulto invasivo","","","S/N","VENTILACION","Operativo","",""
"2475","2479","Ventilador mecánico invasivo de transporte","DRAGER","OXILOG 3000+","ASSM-0182","VENTILACION","Operativo","",""
"2476","2480","Ventilador mecánico invasivo de transporte","DRAGER","OXILOG 3000+","ASSM-0181","VENTILACION","Operativo","",""
"2477","2481","Ventilador mecánico invasivo de transporte NEONATAL","BIOMED","TV-100","TX2301104","VENTILACION","Operativo","",""
"2478","2482","Ventilador Mecánico NEONATAL","SLE","SLE 6000","6030761972","VENTILACION","Operativo","",""
"2479","2483","Ventilador Mecánico NEONATAL","SLE","SLE 6000","6030761964","VENTILACION","Operativo","",""
"2480","2484","Ventilador Mecánico No invasivo","HAMILTON MEDICAL","HAMILTOB C-1","42986","VENTILACION","Operativo","",""
"2481","2485","Ventilador Mecánico No invasivo","HAMILTON MEDICAL","HAMILTOB C-1","41785","VENTILACION","Operativo","",""
"2482","2486","Ventilador Mecánico No Invasivo","HAMILTON MEDICAL","HAMILTOB C-1","43376","VENTILACION","Operativo","",""
"2483","2487","Ventilador Mecánico No invasivo","HAMILTON MEDICAL","HAMILTOB C-1","43317","VENTILACION","Operativo","",""
"2484","2488","Ventilador Mecánico No invasivo","HAMILTON MEDICAL","HAMILTOB C-1","
  41831","VENTILACION","Operativo","",""
"2485","2489","Ventilador Mecánico No invasivo","HAMILTON MEDICAL","HAMILTOB C-1","41770
","VENTILACION","Operativo","",""
"2486","2490","Ventilador Mecánico No invasivo","HAMILTON MEDICAL","HAMILTOB C-1","43389","VENTILACION","Operativo","",""
"2487","2491","Ventilador Mecánico No invasivo","HAMILTON MEDICAL","HAMILTOB C-1","43390","VENTILACION","Operativo","",""
"2488","2492","Ventilador Mecánico No invasivo","HAMILTON MEDICAL","HAMILTOB C-1","43361","VENTILACION","Operativo","",""
"2489","2493","Ventilador Mecánico No invasivo","HAMILTON MEDICAL","HAMILTOB C-1","43392","VENTILACION","Operativo","",""
"2490","2494","Ventilador Mecánico No invasivo","HAMILTON MEDICAL","HAMILTOB C-1","43396","VENTILACION","Operativo","",""
"2491","2495","Ventilador Mecánico No invasivo","HAMILTON MEDICAL","HAMILTOB C-1","43387","VENTILACION","Operativo","",""
"2492","2496","Ventilador Mecánico No invasivo","HAMILTON MEDICAL","HAMILTOB C-1","43380","VENTILACION","Operativo","",""
"2493","2497","Ventilador Mecánico No invasivo","HAMILTON MEDICAL","HAMILTOB C-1","43360","VENTILACION","Operativo","",""
"2494","2498","Ventilador Mecánico No invasivo","HAMILTON MEDICAL","HAMILTOB C-1","43397","VENTILACION","Operativo","",""
"2495","2499","Ventilador Mecánico No invasivo","HAMILTON MEDICAL","HAMILTOB C-1","43391","VENTILACION","Operativo","",""
"2496","2500","Ventilador Mecánico No invasivo","HAMILTON MEDICAL","HAMILTOB C-1","43359","VENTILACION","Operativo","",""
"2497","2501","Ventilador Mecánico No invasivo","HAMILTON MEDICAL","HAMILTOB C-1","43398","VENTILACION","Operativo","",""
"2498","2502","Ventilador Mecánico No invasivo","HAMILTON-MEDICAL","HAMILTON C1","S/N","VENTILACION","Operativo","",""
"2499","2503","Ventilador Mecánico No invasivo","HAMILTON-MEDICAL","HAMILTON C1","S/N","VENTILACION","Operativo","",""
"2500","2504","Ventilómetro","KOKO","HALOSCALE","HS7296S","GENERAL","Operativo","",""
"2501","2505","Ventilómetro","KOKO","HALOSCALE","HS7299S","GENERAL","Operativo","",""
"2502","2506","Ventilómetro","KOKO","HALOSCALE","HS7291S
","GENERAL","Operativo","",""
"2503","2507","Ventilómetro","KOKO","HALOSCALE","
  HS7293S","GENERAL","Operativo","",""
"2504","2508","Ventilómetro","KOKO","HALOSCALE","HS7294S
","GENERAL","Operativo","",""
"2505","2509","Ventilómetro","KOKO","HALOSCALE","
  HS7295S","GENERAL","Operativo","",""
"2506","2510","Ventilómetro","KOKO","HALOSCALE","HS7239S","GENERAL","Operativo","",""
"2507","2511","Ventilómetro","KOKO","HALOSCALE","HS7247S","GENERAL","Operativo","",""
"2508","2512","VideoColposcopio","DFV","1250","604","GENERAL","Operativo","",""
"2509","2513","VideoColposcopio","DFV","1250","603","GENERAL","Operativo","",""
"2510","2514","Videoimpulso cefálico","BIOMED-JENA","Ehit","S/N","GENERAL","Operativo","",""
"2511","2515","Videojuego para ejercicios","","","S/N","GENERAL","Operativo","",""
"2512","2516","Videolaringoscopio","","","S/N","GENERAL","Operativo","",""
"2513","2517","Videolaringoscopio","","","S/N","GENERAL","Operativo","",""
"2514","2518","Videolaringoscopio (Pediátrico)","","","S/N","GENERAL","Operativo","",""
"2515","2519","Videonistagmógrafo","BIOMED-JENA","eVNG","S/N","GENERAL","Operativo","",""
"2516","2520","Visualizador de venas","MEDCAPTAIN","VEIN NAVI 60","620231000030","GENERAL","Operativo","",""
"2517","2521","Visualizador de venas","MEDCAPTAIN","VEIN NAVI 60","620231000045","GENERAL","Operativo","",""
"2518","2522","Vitrina acero inoxidable","-","-","S/N","GENERAL","Operativo","",""
"2519","2523","Vitrina refrigerada 550L","MAQUISER","VR-800","S/N","REFRIGERACION","Operativo","",""
"2520","2524","","","","02859   ","GENERAL","Operativo","","UPS:900032111110823"
"2521","885649","Amaceradora de chatas","Haigh","Qattro","2171","GENERAL","Operativo","",""
"2522","20016","Electrocardiograma","General Electric ","Mac2000","STD20110156PA","GENERAL","Operativo","",""
"2523","300111","marcapasos","biotronik","reocord s","61111491","GENERAL","Operativo","",""
"2524","15871","Selladora de pedestal","SERCOM Chile LTDA","ESV 400","13131098","SELLADORA","Operativo","","inv 2018 5114 inv 2024 15871"
"2525","300112","Calentador de pacientes","3m","775","146969","CALEFACCION","Operativo","",""
"2526","300112","Centrífuga Universal","","","10352144923","CENTRIFUGA","Operativo","",""
"2527","300112","Centrífuga Universal","","","10352127622","CENTRIFUGA","Operativo","",""
"2528","300112","Compresor neumático intermitente","COMEN","SCD600","C6231226207","PRESION","Operativo","",""
"2529","300112","Compresor neumático intermitente","COMEN","SCD600","C6231226209","PRESION","Operativo","",""
"2530","300112","Compresor neumático intermitente","COMEN","SCD600","C6231226204","PRESION","Operativo","",""
"2531","300112","Compresor neumático intermitente","COMEN","SCD600","C6231226202","PRESION","Operativo","",""
"2532","300112","Equipo de Isquemia Automático","DDM - Dessillons & Dutrillaux","G10904","904092421","PRESION","Operativo","",""
"2533","300112","Equipo de Isquemia Automático","DDM - Dessillons & Dutrillaux","G10904","904092417","PRESION","Operativo","",""
"2534","300112","Equipo de Isquemia Automático","DDM - Dessillons & Dutrillaux","G10904","904092422","PRESION","Operativo","",""
"2535","20042","Camilla de trasporte","Cogent","E200i","FSH1705CL05-5-2","","Operativo","",""
"2536","2605","Refrigerador","Malinmaus","Mr100","2463004","","Operativo","",""
"2537","2606","Monitor signos vitales.","General eléctrico ","V100","SH622330022SA","","Operativo","",""
"2538","14604","Carro transporte medicamento","Pegasus","P2300014","SO22000577","","Operativo","",""
"2539","20928","Camilla traslado paciente","Schroder ","Cyclone ","20928","GENERAL","Operativo","",""
"2540","1","Detector latidos cardiofetales","Edan","F9","M2251228006","GENERAL","Operativo","",""
"2541","17577","Detector de latidos cardiofetales","Edan ","F9","12280007","GENERAL","Operativo","",""
"2542","","Maquina de anestesia","Dräger","Perseus A500","ASLL-0007","VENTILACION","Operativo","",""
"2543","","Maquina de anestesia","Dräger","Perseus A500","ASLL-0008","VENTILACION","Operativo","",""
"2544","","Maquina de anestesia","Dräger","Perseus A500","ASLL-0009","VENTILACION","Operativo","",""
"2545","2605","Cama mortuoria","Sin marca ","Sin modelo ","S/n ","TRASLADORAS","Operativo","",""
"2546","2612","Silla de rueda","S/n","S/n","SR012","CARROS","Operativo","",""
"2547","2613","Silla de ruedas","S/i","S/i","SR013","CARROS","Operativo","",""
"2548","2613","Silla de ruedas","S/i","S/i","SR013","CARROS","Operativo","",""
"2549","2614","Silla de ruedas","S/i","S/i","SR014","CARROS","Operativo","",""
"2550","6727","Desfibrilador","Nihon kohden ","Cardio life ","6727","GENERAL","Operativo","",""
"2551","79130","Ventilador mecanico","Coviden","Puritan bennett 980 series ventilator","35B2102111","VENTILACION","Operativo","",""
"2552","18019","Ventilador mecanico","Coviden","Puritan bennett 980 series ventilator","35B2101625","VENTILACION","Operativo","",""
"2553","16071","Ventilador mecanico","Bio-Med Devices","TV-100","TX1801055","VENTILACION","Operativo","",""
